_id,sentence
1385415,脂入りはんだのフラックスの主要成分である[1]ほか、ラッカー、ワニス、石鹸や樹脂酸金属塩の製造に用いられる。
3430792,WHOのコメントから抜粋： “ピラゾロン系の解熱鎮痛消炎薬であるイソプロピルアンチピリンは1951年にリウマチ治療薬として発表された。
3420219,皮膚や眼のアレルギー症状やアレルギー性鼻炎に用いられる。
3420219,カプセル、シロップ、ドライシロップ 気管支喘息（有効率：63.6%）、アレルギー性鼻炎（64.1%）、皮膚アレルギー症状（蕁麻疹、湿疹・皮膚炎、皮膚瘙痒症）（71.9%）（添付文書の数値を集計） 点眼液 アレルギー性結膜炎（有効率：69.1%） 点鼻液 アレルギー性鼻炎（有効率：60.1%） ケトチフェンは点眼液として用いると季節性アレルギーに関する目の痒みおよび／または刺激感を和らげる。
3420219,抗ヒスタミン作用の他に、ロイコトリエン阻害効果とホスホジエステラーゼ阻害効果を持つ。
3430897,熱硬化性塗料、接着剤、繊維処理剤、コポリマーの改質、潤滑油添加剤のほか、共重合による樹脂改質剤、紫外線硬化樹脂用反応性希釈剤としても使用される。
33814,主に無水カフェインとして、一般消費者向けの総合感冒薬や鎮痛薬に添加されることが多いほか、臨床的に偏頭痛等に用いられる場合がある。
33814,医薬品では総合感冒薬や鎮痛薬に用いられる。
3386984,アンブロキシドは竜涎香の雰囲気を作り出すため、また保留剤として香水で使われる。
3386984,少量 (< 0.01 ppm) が食品のフレーバーとして使われる。
3437060,米国食品医薬品局は2013年11月にマントル細胞リンパ腫の治療薬としてイブルチニブを承認した後、2014年2月には慢性リンパ性白血病（CLL）について、2014年7月には染色体17p欠失CLLについて追加承認した。
3437060,2015年1月にはさらに、ワルデンシュトレーム型マクログロブリン血症（英語版）への使用が承認された。
3437060,日本では2014年に慢性リンパ性白血病、小リンパ球性リンパ腫、マントル細胞リンパ腫の治療薬として希少疾病用医薬品に指定され、同年11月に承認申請され、2016年3月に慢性リンパ性白血病（小リンパ球性リンパ腫を含む）について承認された。
3437060,リンパ球の一つであるB細胞に由来する悪性腫瘍である瀰漫性大細胞型B細胞性リンパ腫や多発性骨髄腫の治療に使用される。
3437060,米国では2013年11月にマントル細胞リンパ腫への使用が、2014年2月に慢性リンパ性白血病への使用が承認された。
3437060,2015年1月には、非ホジキンリンパ腫の一種であるワルデンシュトレーム型マクログロブリン血症（英語版）への使用が可能となった。
3437060,日本 再発または難治性の慢性リンパ性白血病（小リンパ球性リンパ腫を含む）、再発または難治性のマントル細胞リンパ腫 米国 マントル細胞リンパ腫、慢性リンパ性白血病、ワルデンシュトレーム型マクログロブリン血症 米食品医薬品局（FDA）は2017年8月2日、成人の造血幹細胞移植後の慢性移植片対宿主病（GVHD）で従来の治療での不成功例に対してのイブルチニブの適応拡大を承認した。
3437060,イブルチニブ（Ibrutinib）は、B細胞性腫瘍（英語版）の治療に用いられる抗がん剤である。
3463386,トリフラートが弱い配位性アニオンであることから、ハロゲン化物抽出配位子として利用される。
3463386,ヨウ素／N-ヨードスクシンイミドの存在下で、炭水化物のアノマー中心で硫黄保護基を活性化するのに利用される。
3460340,ネビラピン（Nevirapine、略号：NVP、商品名：ビラミューン）は、非ヌクレオシド系逆転写酵素阻害薬（英語版）（NNRTI）であり、HIV-1感染症及びAIDSの治療に用いられる。
3460340,他の抗レトロウイルス薬と同様に、ネビラピンを単剤で用いると速やかに耐性が形成されるので、他に2種類以上の抗レトロウイルス薬を併用する事が望ましい。
3460340,幾つかの臨床試験で、ネビラピンを含むHAART療法（ART）はプロテアーゼ阻害薬（英語版）（PI）を用いた治療法やエファビレンツ（英語版）を用いた治療法よりも効果的にHIV量を減少させることが示された。
3460340,ネビラピンは初期治療に失敗した場合の救済療法としても有用で、特に初期治療にNNRTIを使用しなかった場合の、1つ以上のPIやヌクレオシド系逆転写酵素阻害薬（nRTI）との併用療法が効果的である。
3460340,この方法で最も心配されている事は、単回投与された母子の双方でNNRTI耐性変異が観察されている事であり、将来NNRTIを含む処方を用いた際の効果が低くなる可能性が指摘されている。
3460340,ART施行前にCD4数が少なくネビラピンを含む治療でCD4が増加した患者とウイルス量が測定不能の患者で、過敏症等に因り治療を中断する確率は、前治療が無く治療中のCD4数が少ない患者と同程度である。
3466579,有機化学において、アルコール類をヨウ化アルキルに変換するのに広く使われる。
3466873,アゾ染料の合成に利用される。
3457795,トラニラスト（Tranilast）は、内服または点眼でアレルギー性疾患の治療に用いられるほか、内服薬はケロイドや肥厚性瘢痕の治療にも用いられる。
3363462,たとえば硬い断熱材パネルとしたり、耐久性のあるエラストマーとしてローラーコースターやエスカレーター、スケートボードなどのホイールやタイヤに用いられる。
3363462,また、自動車サスペンションのブッシングや電気絶縁用のポッティング材、高性能接着剤、表面コーティング材やシーラント材、合成繊維（スパンデックスなど）や硬質プラスチック部品（電子製品など）にも用いられる。
3363462,APCP では小型ロケットモーターの推進剤として用いると火薬と比べて2-3倍の比推力が得られる。
3363462,末端水酸基ポリブタジエン (Hydroxyl-terminated polybutadiene、 HTPB) は末端がヒドロキシ基で修飾されたブタジエンオリゴマーであり、イソシアネートと重合させてポリウレタン樹脂を得るのに用いられる。
3351946,水酸化ウラニルはかつてガラスの製造や陶磁器の釉薬、高温環境で用いる顔料に利用されていた。
3351755,また、放射線療法の一つである密封小線源療法にも利用される。
3350823,電磁的同位体分離法(electromagnetic isotope separation、 EMIS) によるウラン濃縮に利用される。
3350823,塩化ウラン(IV)は商業的には純粋な酸化ウラン(IV)と四塩化炭素を370 ℃で反応させることで生産されており、電磁的同位体分離（electromagnetic isotope separation、EMIS)によるウラン濃縮に利用されている。
3350823,塩化ウラン(IV)を用いる手法は1950年代には使われなくなったが、1980年代にイラクが核兵器開発計画の一部として復活させていた。
3637337,例えば、バンレイシの抽出物は、てんかん、赤痢、心臓障害、寄生虫感染症、便秘、細菌感染症、発熱と潰瘍等の治療に用いられてきた。
333358,金属の表面処理、発泡剤、熱処理剤のほかに、漂白、アゾ染料のジアゾ化、試薬等で用いられる。
333358,またニトロ化合物や酸化窒素の製造にも用いられる。
333358,防錆剤としてはコンクリート中の鉄筋腐食防止、滅菌剤としては医療器具消毒でほとんどのウイルスや細菌を不活性にする中水準消毒剤として用いられる。
333358,医療においては、青酸中毒の患者に解毒剤として用いられることがある。
3350763,主に使用済み核燃料の再処理に用いられる。
3350532,主に統合失調症の治療に用いられ、小児の自閉性障害にも効果がある。
3346550,核燃料再処理工場で溶液からのプルトニウム回収に用いられる過酸化プルトニウム法の代替として、三フッ化プルトニウム沈殿法が研究されている。
3346550,三フッ化プルトニウムは取り扱いが困難な金属プルトニウムの代替となるプルトニウムガリウム合金の製造に利用されている。
3343428,原子炉において水溶性核毒として利用される。
3343428,加圧重水を使用するCANDU炉でも重水に溶解させて核毒として利用されている。
3343428,硝酸ガドリニウムは特殊なガラスやセラミックスの製造において、蛍光体となる他のガドリニウム化合物の出発物質としても利用される。
3377784,フェノプロフェンは医薬品として利用されることもある。
3377784,しばしばフェノプロフェンはカルシウムとの塩の形、すなわち、フェノプロフェンカルシウム（Fenoprofen calcium）の形にして医薬品として使用される。
3377809,イソレニエラテンを光合成色素として利用する、緑色硫黄細菌が知られている。
3616343,近年では、アメリカ食品医薬品局 (FDA) により、単純ヘルペスウイルスの引き起こす口唇ヘルペスの病期を短縮する調剤抗ウイルス薬として認可され、Abrevaの名で一般用医薬品に用いられている。
3616343,伝統的に化粧水、乳化剤、増粘剤として化粧品に[要出典]、および栄養サプリメントとして（単独で、もしくはポリコサノール（英語版）の一部として）用いられてきた[要出典]。
3649831,ウノプロストン (Unoprostone)はプロスタグランジンF2αアナログで、そのイソプロピルエステルであるイソプロピルウノプロストンは眼科領域で緑内障の進展阻止および高眼圧症の管理に用いられる。
3609064,人工的に合成することが可能であるものの、天然にも存在する化合物であり、香料などとして用いられる。
3609064,この他、スイートピー、バラ、ヘリオトロープ、ミモザなどの花の香りを人工的に作る時に用いられることもある。
3608743,これらの植物には、レインを始めとする腸を刺激して下剤として作用する成分が含まれていることから、下剤として利用される場合もある。
574748,また水素結合を作りやすい性質から、生化学分野において塩酸塩がタンパク質の変性剤として用いられる（しばしばGdmClと略される）。
574748,プラスチックや爆薬の原料として用いられる。
3662400,他の化学物質の合成の中間体として用いられる。
3678999,p-テルフェニルはもっとも一般的な異性体で、レーザー色素やサンスクリーン剤の原料として用いられる。
3692796,粉末状のシュウ酸塩は養蜂でミツバチヘギイタダニ（英語版）から蜂を守るための殺虫剤として用いられる。
3592932,洗顔料やシャンプーなどに、イセチオン酸のナトリウム塩が添加されることもある 。
3592932,薬剤の中には、有効成分がイセチオン酸との塩の形にした上で利用されているものもある。
3592932,このエステルに存在するイセチオン酸由来のスルホン酸基を、ナトリウムとの塩の形にしたものは、生分解性の陰イオン界面活性剤として利用されることがある。
3592932,タウリンを人工的に合成する際に、その原料としてイセチオン酸を用いることもある。
3519068,非常に混み合った第三級アミンであり、非求核塩基、及びポリマーの安定剤として利用されるが、合成が難しくコストに問題があるため、利用は限られている。
3518556,除草剤などの有機合成の中間体として利用される。
3526170,生体材料 ヒドロキシアパタイト等とともに人工骨・関節、インプラントの歯などに利用される。
3505871,ジクロロメタンの代替溶媒としてベンゾトリフルオリドを用いる利点は、その比較的高い沸点にある。
3505871,C6H5CCl3 + 3 HF → C6H5CF3 + 3 HCl ベンゾトリフルオリドは、通常溶媒にジクロロメタンを用いるようなアシル化、トシル化、シリル化の代替溶媒としての利用ができる。
3505871,有機合成における溶媒、あるいは殺虫剤や医薬品の前駆体として主に利用されている。
3476127,リン化ガリウムは、光学材料としても利用され、波長840 nm (IR)で 3.19、550 nm（緑）で 3.45、262 nm (UV) で4.30の屈折率を持つ。
3476127,亜鉛は、p型半導体のドーパントとして使用される。
3476127,硫黄やテルルは、n型半導体を製造するためのドーパントとして使用される。
3474957,染料、香料、医薬などの合成中間体、また特殊溶剤として使用される。
3474570,肝臓の疾患でも使われることがあり、血中アンモニア濃度を抑制する。
3528996,味噌、醤油、麦芽、食肉系フレーバーにも0.05-1.0ppmほど使用される。
3476579,求核剤としての利用の一例 向山アルドール反応 マイケル付加 アルキル化 ハロゲンとのハロケトン形成 mCPBAやオキサジリジンのような求電子的な酸素原子供与体と有機酸化還元反応によってアシロインを形成 三枝・伊藤酸化 ケテンシリルアセタールは一般構造R-C=C(OSiR3)(OR') を持ち、アセタールとケテンから得られる関連化合物である。
3579425,4-シアノピリジンは、結核治療薬の1種であるイソニアジドの合成原料として使用することもできる。
3579415,1-アミノ-4-メトキシベンゼンの場合は、ペーパークトマトグラフィーにおいて、還元糖や、配糖体の糖鎖部分の検出に利用することもできる。
3579415,1-アミノ-2-メトキシベンゼンと同様に、1-アミノ-4-メトキシベンゼンも、アゾ染料や、ナフトール塗料の合成原料などとして用いられる。
358428,フッ化ピリミジン系抗悪性腫瘍剤の代表ともいえるフルオロウラシル（5-FU）は、これまで乳癌や消化器癌の治療に最も多く使われてきた抗がん剤の一つであるが、カペシタビンは、骨髄細胞や消化管では活性体になりにくく腫瘍組織内でより選択的に5-FUを生成することを目的として、日本ロシュ研究所（現中外製薬株式会社鎌倉研究所）で創製された。
3564885,TEAC試験は食品、飲料、サプリメントの抗酸化能を測定するために用いられる。
3564885,ビタミンEと同様に抗酸化物質であり、酸化ストレスまたは損傷を低減するために生物学的または生化学的用途で使用されている。
3564885,FRAP試験（英語版）では、抗酸化能を測定するためにトロロックスを標準として用いる。
3533472,香料としては、シプレー、コロン、モダンハーバル調の調合香料、シトラス、トロピカルフルーツ、アプリコット系フレーバーに使用される。
3576446,ソラソジンは経口避妊薬といった複雑なステロイド型化合物の生産のための前駆体として商業的に用いられている。
3570913,有機合成においては触媒または試薬として用いられ、非常に反応性の高いイリドを生成する。
3570913,神経ガス検出装置の校正用に、サリンの代替物質として用いることもできる。
3570913,塩化チオニルと反応するとメチルホスホン酸ジクロリドが生成し、これはサリンやソマンなどの神経剤の原料に用いられる。
3570913,無色の液体であり、主に難燃剤として用いられる。
372433,また、有機合成化学では還元剤として用いられる。
372433,原子吸光を用いて水銀を分析する場合、必ず冷蒸気原子吸光分析法が用いられるが、この時塩化スズ(II)が還元剤としてよく用いられる。
372433,また、同様に水溶液中の白金族元素の検出にも用いられる。
372433,また、塩化スズ(II)は金の存在下でカシウス紫（英語版）を生成し、紫色となるため、金の検出にも使われる。
372433,この他に、ニトリルから塩化イミドイル（英語版）を経由してイミンを合成し、それを加水分解させて芳香族アルデヒドに変換するスチーブン合成などに用いられる。
372433,缶詰や瓶詰の食品用に、保色剤（英語版）や酸化防止剤として使われている。
372433,塩化スズ(II)は放射性核種血管造影法（英語版）において、テクネチウム99m（英語版）の過テクネチウム酸塩が血球に結合しやすくなるように放射性物質を減らすために使われている。
3330343,オレアミドは合成樹脂添加剤としても利用されることがあり、研究で用いられているプラスチック製の実験器具から溶媒中に漏れだし一部の研究結果に影響を与えているとの報告がある。
271215,食品添加物規格、日本薬局方規格、化粧品原料基準（食添・薬局方・粧原基）2000年以降、化粧品原料はメーカーの自主規制 パラフィンワックスは鋳造にはあまり利用されない。
271215,医薬品より長期に亘り皮膚や頭髪に触れる事の多い化粧品用途では特に精良な物が用いられる。
271215,燃料 ろうそくの原料 蝋紙の原料 着火剤 火吹き 固定 マッチ軸木の含浸材（燃焼材として） クレヨン 組織学の標本作成での包埋材 歯科用技工・診療 (JIS T6502) 病理学的検査におけるパラフィン溶融器・パラフィン伸展器 食品添加物等としての固着剤 鮮度保持 缶、瓶の密封 せっけんの包み紙 皮膜剤 チョコレートお菓子や野菜や果物の天然皮膜剤（流動パラフィン・パラフィンワックス） 医薬品のコーティング（流動パラフィン・パラフィンワックス） （中国産）椎茸の皮膜剤 密封・遮蔽・耐熱保温・撥水防水 単体で一般にパラフィン紙（グラシン紙、油紙）といわれるもの 防湿紙、防水紙、布の防水加工（昔は本のカバーなどでも利用された） ボーリング地質調査時のサンプリング試料のライナー密封材 美容：パラフィンパックで使用する密封材 経皮投薬時の密封材 クッキングシートの素材：耐熱、遮蔽 中性子遮蔽 皮革製品等の撥水防水 理学療法におけるパラフィン浴（厚生労働大臣が基準を定めて指定する医療機器（平成17年厚生労働省告示第112号）別表の 132） 滑剤 可塑剤 ガムベース（流動パラフィン・パラフィンワックス） ネイルパラフィン 美容整形 電線の被覆材（塩素化パラフィン） 難燃剤 難燃ゴムなど（塩素化パラフィン） 安定性 リンスや化粧品（ベビーオイル、乳液、クレンジングクリーム、コールドクリーム）の原料（流動パラフィン） 軟膏基剤として調剤（流動パラフィン） 潤滑 エンジンオイル 電気カミソリ・バリカン（流動パラフィン：潤滑・防錆用途） 食品添加物 パンの製造用材（流動パラフィン） 蓄熱材 比熱利用の顕熱型蓄熱材料としての水パラフィン 実験、測定の定着材 赤外分光法の透過測定（流動パラフィン） 密度測定アスファルト混合物パラフィンかさ密度法 植物の蒸散の実験（流動パラフィン） 食品用 食品機械用潤滑油・グリース（食品添加物認可流動パラフィン） 医療用 下剤（流動パラフィン） 腸閉塞による疝痛の内科的治療（流動パラフィン） 鼻や眼の乾燥時の投薬剤（流動パラフィン） 軟膏剤の基剤(プラスチベース®) 農業 農業用展着剤（農薬の湿展性・付着性を高める）アビオン社アビオン-C®、アビオン-E®、カネショウ社ペタンV®など 接木接着部の乾燥防止、保護 生物学 微生物の保存(流動パラフィン) 食品衛生試験に合格したものは固形食品を直（じか）に包む事が許可される。
271215,食品工場で使用される機械（たとえば製パン機では生地を分割する分割機）の潤滑油として従来、流動パラフィン（鉱物性オイル）が使用されていた。
271215,厚生労働省行政情報昭和45年12月7日環食化第102号パンの離型剤でも植物性オイルが使用されるようになってきているが、しかしながら、流動パラフィンは耐熱性があり酸化されにくいため、まだ多く使用されている。
271215,食品機械用潤滑剤の参考情報-食品機械用潤滑剤ガイド 食用として認められたパラフィンは、飴、キャンディーの光沢をだす目的で使用されることがある。
2707869,セラミックスや触媒、高純度酸化マンガンの製造に用いられる 炭酸マンガン(II)を硝酸に溶解することにより得られる。
27059,消化性潰瘍（胃潰瘍、十二指腸潰瘍、吻合部潰瘍） 逆流性食道炎（胃食道逆流症） ゾリンジャー・エリスン症候群（英語版） 胸焼け（英: heartburn & acid indigestion） 酸性の土壌の中和に用いれば、アルカリ性の土壌を好む植物の生育がよくなる。
27059,農作物や人畜及び水産動植物に害を及ぼす恐れがないことが明らかなものとして、安全性の認められた特定農薬（特定防除資材）の1つであり、有機栽培でもウドンコ病等を防除するために使用される。
27059,医薬品としては、胃酸過多に対して制酸剤として使われる。
27059,研磨効果、鹸化（乳化）効果から、洗剤や洗剤の補助としてティーカップなどの茶渋落とし、換気扇などの固着した油汚れ・焦げ落とし、練り歯磨きやうがい等に使用される。
27059,また食品添加物としても使用できるくらい人体に対して安全であることも売りとなっている。
27059,酸性の臭いに対する脱臭効果があり、肉・魚臭さを消したり、靴箱の脱臭剤などにも使用できる。
27059,中学理科の「化合物の分解」でよく用いられ、生成する二酸化炭素を石灰水の白濁から、水を塩化コバルト紙の赤変から確認する。
27059,水に炭酸水素ナトリウムとクエン酸を混ぜるだけで炭酸ガスが発生し炭酸水となるので、飲料の材料としても用いられる。
27059,NaOH + CO 2 ⟶ NaHCO 3 また、酸と反応し二酸化炭素を発生するので、泡消火器、酸アルカリ消火器にも用いられる。
27059,鉛蓄電池の電解液（希硫酸）の中和剤としても用いられる。
27059,食品添加物として調理などに使われる。
27059,ワラビなどの山菜のアク抜き、松の実などの臭み取り、豆を早く煮るため、肉を柔らかくする下ごしらえ、グレープフルーツや夏みかんの強烈な酸味を中和させるために直接かけたり、冷凍エビの食感改善などにも使うことができる。
27059,また、中華麺を打つときに入れるかん水とは本質的に同じものであり、麺打ちにも使われる。
27129,ギ酸エステルには果実の芳香の成分となっているものが存在し、ギ酸エチル HCOOC2H5 は桃、ギ酸アミル HCOOC5H11 はリンゴ、ギ酸イソアミル HCOOCH2C2CH(CH3)2 は梨の香りの成分の一つであり、香料として用いられる。
2699802,炎色反応で鮮やかな赤色を発色することから花火に使用されるほか、脱毛剤や発光塗料、蛍光体としても用いられる。
2689449,触媒用途としては、ケイ素樹脂やピロリジノン、アクリロニトリル製造時の重合反応を始めとする重合・縮合反応、カニッツァーロ反応などに広く用いられるほか、青酸の四量体、ポリピロリドン、ポリペプチドなど様々な有機窒素化合物製造用の触媒としての特許がある。
268606,無機塩の非水溶媒あるいは化学工業製品の原料や分析化学用の溶媒として用いられる。
1616237,グアニジンが血糖降下作用を有することからビグアニドの骨格を持つ糖尿病治療薬の開発され、フェンホルミンは1957年に登場した。
2790003,イタリアのADIENNE Pharma &. Biotech社の申請により、2007年1月29日に欧州医薬品庁、2007年4月2日にアメリカ食品医薬品局より、造血幹細胞移植の前処理に用いる希少疾病用医薬品の登録を受けた。
2790003,全身照射の有無にかかわらず、成人および小児の血液疾患患者における同種または自家造血幹細胞移植（HPCT）の前処理 HPCTによる高用量化学療法が、成人および小児患者における固形腫瘍の治療のために適切であるとき チオテパは、多種の腫瘍性疾患の緩和療法に使用されている。
2790003,チオテパはまた、膀胱癌における化学療法として使用される。
2780072,パーキン反応において、脂肪酸と芳香族アルデヒドの縮合によるケイ皮酸の製造に用いられる。
2761823,筋肉量の増大あるいは減少抑制を目的とした研究に用いられたり、ボディビル用サプリメントとしてカルシウム塩(英)などの形で海外では販売されている。
2755379,スルホン化剤に使われる。
2569592,また術後の再クラーレ化（筋弛緩薬の作用再発現）時にも使用される。
2560867,シナピン酸はマトリックス支援レーザー脱離イオン化（MALDI）質量分析法においてマトリックスとして一般に使用されている。
2555337,空気中で不安定なジボランの代替の誘導体として有機合成の場でも使用される。
2555337,燃料電池車に使われる水素の保存媒体として提案されている。
2585955,クロロトリメチルシランをアルコールと反応させると、塩化水素を生成し、この反応は、アルコール中での無水塩酸の製造に利用される。
2585955,またカルボン酸、ケトンを、それぞれエステル、アセタールへと変換するのに用いられる。
2585955,MX + Me 3 Si − Cl ⟶ MCl + Me 3 Si − X クロロトリメチルシランは、ガラス器具をシラン化し、表面の親油性を向上させるためにも用いられる。
2585955,マスクされたエノール剤として向山アルドール反応にも用いられる。
2585955,エポキシ化やジヒドロキシ化による二重結合の酸化は、元のカルボニル基のアルファ位にヒドロキシ基を導入するのに用いられる。
2585955,クロロトリメチルシランは、トリメチルシリル基の供給源としてや塩素の無水供給源として様々に利用される。
2550711,短い手術ならば患者への危険は少ないが、200 mL以上の麻酔薬を用いるような長い手術では肝・腎毒性が問題になる。
2550711,構造からの予測に基づき、Leakeはビニルエーテルを吸入麻酔薬として用いることを検討した 。
2550711,ビニルエーテル (vinyl ether) は吸入麻酔薬として用いられる化学物質。
267435,ピペリジンはペプチドの固相合成法で汎用される Fmoc保護基の脱保護剤として用いられる。
2662912,ハロゲン化物消火設備の消火剤に使われる。
2602070,また、有機化学においてキラル塩基としてや有機化学合成における配位子として用いられている。
2639623,アントラサイクリン類は、これまで開発された中でも非常に効果的な抗がん治療であり、その他の抗がん剤よりも多くの種類のがんに対して有効である。
2639623,これらの化合物は、白血病、リンパ腫、乳がん、子宮がん、卵巣がん、肺がんを含む多くのがんの治療に用いられている。
2639623,アントラサイクリン（anthracycline）類あるいはアントラサイクリン系抗生物質（anthracycline antibiotics）は、ストレプトマイセス属微生物Streptomyces peucetius var. caesiusに由来するがん化学療法に用いられる薬剤の一群である。
2795973,シトロネロールは香水や防虫剤、またはダニの誘因に利用される。
2795973,シトロネロールは人によっては過敏症を引き起こす可能性があるため香水としての使用に制限が設けられることがあるが、アレルギー反応をどの程度の可能性で起こるかは議論中である。
3116229,また、ゴムの製造において加硫促進剤としても用いられる。
3100174,イノツズマブ オゾガマイシン（Inotuzumab ozogamicin、開発コードCMC-544）は抗体薬物複合体（Antibody-drug conjugate、ADC）の一つであり、癌治療に用いられる。
3099369,ベトナム戦争の経験から、燃焼開始時の燃料タンクからの蒸気を抑えるため、F-16にもハロン1301が用いられている。
3087854,日本では、脳内留置用製剤が悪性神経膠腫の腫瘍切除後に用いられる。
3087854,米国では、脳腫瘍（神経膠腫、多形膠芽腫、髄芽腫、星状細胞腫（英語版）を含む）のほか、多発性骨髄腫や悪性リンパ腫（ホジキンおよび非ホジキンに用いられる。
3087854,米国には静脈注射用製剤もあり、骨髄移植の一つ造血幹細胞移植で患者（被移植側）の白血球数を減らすためにも用いられる。
3087854,カルムスチン（Carmustine）は別名BCNU（bis-chloroethylnitrosourea）とも呼ばれるβ-クロロ-ニトロソウレア化合物であり、アルキル化剤として癌化学療法に用いられる。
3087854,日本では上記の様に、悪性神経膠腫の切除術後に生体内分解性ポリマー基材（ポリフェプロサン20）に含浸した製剤が用いられる。
3087854,米国においても、脳腫瘍の治療に用いるために生体分解性ウェハー含浸製剤が認可されており、開頭術（英語版）中に用いられる。
3118219,ラパチニブ（Lapatinib）は上皮成長因子受容体(EGFR)とHer2/neuの双方を阻害する二重チロシンキナーゼ阻害剤であり、HER2過剰発現が確認された手術不能乳癌または再発乳癌に対し使用される、内服の分子標的薬と呼ばれる抗腫瘍薬の一種である。
3118219,2013年に行われた、切除不能胃癌または再発胃癌に対して、従来の化学療法にラパチニブを上乗せした治療の有用性を確認する臨床試験では、ラパチニブを上乗せすることで生存期間を延長する効果は認められなかった。
3118219,代表的なものとして以下のような副作用があるが、他の分子標的薬と同様に様々な治験や臨床試験によってラパチニブは適切に使用すれば十分安全であることが確認されている。
3122842,例えば単純なアルカノールアミンは溶媒や合成中間体、高沸点塩基として用いられる。
3082087,ドイツのユストゥス・フォン・リービッヒとフリードリヒ・ヴェーラーは、1830年代にヘビの排泄物から紫色の物質であるムレキシドを発見していたが、非常に含有量が少なく、これを染料に用いる方法は、当時は確立されなかった。
3082087,分析化学においては、ムレキシドは、錯滴定指示薬として用いられている。
3082087,この目的に用いる量が少なくて済むことから、しばしば1:250の硫酸カリウム混合物として用いられる。
3082087,ムレキシドは、カルシウムや希土類金属の測定のための比色分析試薬としても用いられる。
305316,これは少量の水を吸収して固化するため、モルタルなどに使用される。
3083097,日本の三菱化学（現：田辺三菱製薬）が創薬し、2001年4月に「脳梗塞急性期に伴う神経症候、日常生活動作障害、機能障害の改善」を効能・効果として承認された。
3124092,ジメチルグリシンを運動選手の成績向上薬や免疫増強薬、また自閉症、てんかん、ミトコンドリア病等の治療等に用いる可能性が提案されている。
3124092,自閉症スペクトラム障害の治療に対しては偽薬とほぼ差がないとの論文も出されている。
32765,外用薬としてリウマチに、内服薬として淋病に用いられていた。
32765,医薬品の賦形剤としてpH調整に、調味料として食品に用いられる他、メッキなどの工業用にも用いられる。
3272596,デラマニド（Delamanid）は、多剤耐性肺結核の治療に用いられる有機化合物である。
3272596,感受性を有する既存の抗結核薬3剤以上に上乗せして用いる必要がある。
3272596,デラマニドは成人の多剤耐性結核患者で抵抗性または不忍容性の問題で他の治療選択肢がない場合に使用できる。
3329765,高速充電が可能なチタン酸リチウム二次電池のアノード材料として用いられる。
3329765,また、琺瑯磁器やチタン酸塩ベースのセラミック絶縁体の添加剤としても用いられる。
3329765,現在、チタン酸リチウム二次電池は車載用やその他の特殊用途に用いられている。
3329765,こうして作られる微結晶材料は純度と活性が高く、増殖材として用いられる。
3329765,Li2TiO3は、水系バインダーおよび導電剤と共にリチウムイオン二次電池のカソードとして用いられることもある。
3329765,It リチウムイオン二次電池との相違点は、アノードに炭素ではなくチタン酸リチウムを用いることである。
3203217,テラゾシン（Terazosin）は交感神経α1受容体遮断薬で、前立腺肥大症の治療に使用する。
3208855,脳血管障害、脳性麻痺、痙性脊髄麻痺、脊髄血管障害、 頸部脊椎症、後縦靱帯骨化症 多発性硬化症(MS) 筋萎縮性側索硬化症(ALS)、脊髄小脳変性症 外傷後遺症（脊髄損傷、頭部外傷）、術後後遺症（脳・脊髄腫瘍を含む） 適応症: 脳脊髄疾患に由来する重度の痙性麻痺（既存治療で効果不十分な場合に限る） 経口投与では中枢神経系への移行性が不十分であるため、埋込み式ポンプを用いたITB（Intrathecal Baclofen；髄腔内バクロフェン投与）療法が2006年承認された。
3208855,種々の疾患による痙縮に対して用いられる。
3208855,またバクロフェンは「しゃっくり」に治療に用いられることもある。
3210608,持久性隆起性紅斑、ジューリング疱疹状皮膚炎、天疱瘡、類天疱瘡、色素性痒疹 ハンセン病 芳香族ポリアミンとして一般的な化学種であり、エポキシ樹脂の硬化剤として用いられる。
3210608,その後、誘導体のグルコスルホンナトリウムが「プロミン」の名でハンセン病治療薬として実用化され、絶大な効果を上げたが、注射製剤としてしか使えないことなどから現在では錠剤として使えるDDSの方が用いられる。
291072,稀に小麦粉の漂白剤として食品添加物に使用される例がある以外、用途はない。
291072,高性能爆薬として使用される。
291072,過酸化アセトン（以下、略称AP）はアマチュア爆弾愛好家により雷管（信管）として使用されることがある。
293373,フェンタニル (Fentanyl) とは、主に麻酔や鎮痛、疼痛緩和の目的で利用される合成オピオイドである。
293373,フェンタニルの注射剤は麻酔、鎮痛に使われる。
293373,特に全身麻酔の場合人工呼吸器を使用するため、副作用の呼吸抑制も無視できる。
293373,パッチ剤は癌性疼痛の緩和に使われる。
2890783,アミノアセトニトリルは特定の線虫に対してアセチルコリンのアゴニストとして作用し、駆虫薬として使用される。
2939563,ピレスロイドに耐性を持つ虫の殺虫剤に利用されている。
2814756,"錠剤:1mg,2mg 細粒:1% 現在、パキシルとともに、耳鳴りの治療薬としての効果が注目されている。"
280789,気分安定薬として、精神科治療において躁状態や双極性障害に使用される。
2823300,この物質はかつて、神経痛およびリウマチの軟膏として用いられていた。
299263,様々な研究より、ビフィズス菌などの腸内善玉菌を増やす効果がある事が確認され、さまざまな生理活性作用が期待され、健康食品に利用されている。
299263,このように、腸内善玉菌を増やす効果がある物質をプレバイオティクスと言い、整腸作用を期待し特定保健用食品として利用されている。
3017125,主にカルベン前駆体としてや、核酸やタンパク質の光親和性ラベリングの研究に用いられている。
2999402,香粧品用香料や、アメリカのGRASに適合した食品香料として利用される。
878888,肥料成分や水処理などで用いられる用語で、環境汚染の指標としても用いられる。
874448,バニリン（香料）、グアヤコールスルホン酸カリウム（医薬）などを人工合成する際の原料とされ、虫歯の治療時には歯髄神経の麻痺・消毒に用いられる。
91616,フマル酸の二つのカルボキシ基がエステルとなったフマル酸エステル（DRF）は前述の通り乾癬の治療に用いられる他、高分子の材料（モノマー）としても利用される。
91616,一般的に酒石酸の、時にクエン酸の代替物として使われ、同じ味を出すためには 1.36 g のクエン酸に対して 0.91 g のフマル酸を用いる。
91616,普通、純度の高さが求められる飲料やベーキングパウダーに用いられる。
91616,毒性を持たないため、1946年から食品の酸性化剤として使用されている。
91616,ポリエステル樹脂や糖アルコールの製造、染料の媒染剤、香料として用いられる。
91616,乾癬の原因は皮膚上でのフマル酸の生産が十分に行われないためだとされていることから、フマル酸のエステルは乾癬の治療に用いられることがある。
91616,食品添加物およびサプリメントとしても用いられ、酒石酸の替わりに飲料やベーキングパウダーへ添加されることがある。
912412,ディールス・アルダー反応の基質にも用いられ、ビシクロ [2.1.0] ペンタンの前駆体合成への利用例が報告されている。
912412,この性質を生かし、光延反応やクリックケミストリーで重要な反応試薬として用いられている。
912412,赤橙色の液体であり、様々な場面で反応試薬として用いられるが、極めて有害である。
86772,草木灰から得られる炭酸カリウムはpotash（カリウムの英名「ポタシウム」の語源）と呼ばれ、文字通り「壷の灰」として油汚れを落とすアルカリ液に用いられた。
86772,食品工業では中華そば用のかんすいとして使われている。
86772,ブラウン管用のガラスやクリスタルガラスに用いられる。
86439,無機凝結剤として廃水の浄化に使われることがある。
86439,Mg 2 + ( aq ) + 2 OH − ( aq ) ⟶ Mg ( OH ) 2 ( s ) 水酸化マグネシウムの緩下作用は、便秘薬として使われている。
86445,その性質より、有機金属化合物の滴定にも用いられる。
955602,合成マスタードオイルは殺虫剤・殺菌剤・殺線虫剤などとして、作物保護に用いられる。
955602,種子の乾留によっても純度92%程度の油が得られるが、こちらが本来のマスタードオイルであり、主に香料として用いられる。
960209,火薬や爆薬に混ぜて利用される。
953271,"ジメチルジニトロブタン (2,3-dimethyl-2,3-dinitrobutane) は爆発物マーカー（探知剤）として使用される揮発性物質である。"
953271,本来の用途は樹脂の可塑剤の一種であったが、ごく微量でもこの物質が含まれていると、本当に爆発するかどうかに関係なくプラスチック爆薬と見なされるため爆薬以外への添加は行われていない。
156868,自由に水と混和し、多くの有機化合物・高分子を溶解するので溶媒としてよく使用される。
928404,近年になると、血管拡張薬、中枢神経刺激薬、利尿薬としても用いられるようになった。
928404,The American Journal of Clinical Nutritionによると、かつては動脈硬化症、狭心症、高血圧など循環器系の疾患の治療にも用いられたと記されている。
928404,1916年にPrinciples of Medical Treatmentという書物が発行されると、テオブロミンは浮腫、梅毒などの治療に用いられるようになった。
918395,さらにルイス酸としての配位性を持つことを利用して、合成反応における反応試剤としての用途がいくつか知られる。
778300,ε-アミノカプロン酸（イプシロンあみのかぷろんさん）は人工合成されたアミノ酸で、止血剤として用いられる。
778300,手術後の出血を抑えるのに用いられ、例えば血友病患者の抜歯後に使われる。
778307,獣医学分野では、イヌやウシの手術時および出血を伴う疾患の出血防止、哺乳豚の下痢などに使用する。
778307,美白効果もあるとされ、外用薬としてシミなどの治療に用いられる化粧品にはトラネキサム酸が配合されている商品が存在する。
778307,トラネキサム酸（Tranexamic acid）は人工合成されたアミノ酸であり、止血剤・抗炎症剤として出血の予防・治療に用いられる。
770695,工業的にもよく用いられる溶媒であるが、人体に有害であり、吸入や皮膚の接触は避けなければならない。
770695,CH3CON(CH3)2 + H2O + HCl → CH3COOH + (CH3)2NH·HCl またナトリウムメトキシドなど強塩基を用いる反応の溶媒にしばしば用いられる。
770695,高沸点の極性溶媒として、有機合成化学において広く用いられる。
76208,医薬品の製造などにも用いる。
76208,一般用途としては、廃油、毛髪による配管詰まりの洗浄剤や石鹸の材料として用いられる。
76208,ドクツルタケとシロタマゴテングタケ（前者は溶液を付けると黄変するが後者は変色しない）など一部のキノコの判別、皮膚組織を溶かして真菌に感染しているか検査する方法（皮膚病変KOH試験）にも用いられる。
786625,誘導体である2-エチルアントラキノンは工業的に過酸化水素を製造するために用いられている。
786625,多くの天然色素はアントラキノン骨格を持っているため、アリザリンなどの色素の原料として用いられている。
786625,また製紙業でパルプ製造の触媒としても用いられている。
760788,単離されたものが筋弛緩剤として用いられていたが、2000年に原料の取得困難を理由として医療目的の販売は中止となっている。
760788,南米の先住民が古くから狩猟などに用いてきたクラーレ (curare) と呼ばれる矢毒のうち、ツヅラフジ科コンドデンドロン属の植物Chondodendron tomentosumが材料のツボクラーレ（壷ではなくチューブTubeの意味）と呼ばれるものから1935年にハロルド・キングにより単離された。
760788,逆に経口摂取しても排泄がすみやかで毒性を発揮しないため、これを含む矢毒を用いて倒した動物を食べても害が無く、狩猟に用いるには都合が良い。
757261,かつて、ガソリンに加えられていたテトラエチル鉛の原料として広く用いられていた。
76095,医学・生物学分野では、古くから組織の切片標本の作製の際、組織を包埋するパラフィンや、封入剤として用いるカナダバルサムの溶媒として用いられてきたが、人体への毒性のため無害の代替品への切り替えが進みつつある。
76095,o-キシレン m-キシレン p-キシレン 石油中に含まれ、薬剤等の原料として用いられる。
807400,PBr 3 + 3 R − OH ⟶ 3 R − Br + HP ( O ) ( OH ) 2 主に1級もしくは2級アルコールから臭化アルキルを合成するのに用いられる。
807400,工業的にはアルプラゾラムやメトヘキシタール、フェノプロフェンといった薬を合成する際に用いられる。
86423,トリパノソーマのような原生生物の細胞膜の流動化剤 (fluidizer) としても作用し、これは東アフリカでみられるアフリカ睡眠病に対して用いられる。
812825,アニソールは香料、または合成中間体として用いられる。
79710,アメリカでは薬物による死刑執行時に使用する薬物としても知られる。
79710,"KCl(s) → KCl(aq), ΔsolnHº = 17.21 kJ mol-1 水酸化カリウムと共に、最も一般的なカリウム源として化学工業に用いられる。"
79710,さらに、ナトリウムによる高血圧などの影響を軽減するために、塩化ナトリウムと混合して食塩に用いられることもある。
79710,また水溶液中の電気伝導において陽イオンおよび陰イオンの輸率がほぼ等しいため液間電位が小さく、電気化学測定において塩橋の電解質、pH電極の内部液、電気伝導度測定の校正用標準液などに用いられる。
79710,赤外線領域での光線透過率が高く、塩化ナトリウムや臭化カリウムなどと共に赤外分光用の窓や試料の封止材としても使用される。
79710,なお、医学や獣医学などの分野では、動物に対する安楽死などの目的で心停止液としても利用される。
79177,酸塩基指示薬として用いる場合、N/50 NaOH 8cm3にBTBを0.10g溶解させ、250cm3の水で希釈する。
79177,中性付近の弱酸や塩基の検出に用いられる。
79177,生物学でスライドを染色する際に使用されることもある。
79177,"ブロモチモールブルーもしくはブロムチモールブルー、ブロモチモールスルホンフタレイン（英: bromothymol blue, BTB）は、分析化学でよく用いられる酸塩基指示薬（pH指示薬）のひとつで、分子式 C27H28Br2O5S で表される、淡黄色または淡紅色の粉末である。"
79177,BTBは、フェノールレッドと混ぜてアスパラギナーゼという酵素の活性を調べるのに用いられる。
79177,プールや養殖槽などでカルボン酸の検出などに使われる。
788226,メラニン合成に関わるチロシナーゼに直接作用し、メラニンの合成を阻害するため、美白効果があるとして、化粧品などに使用されている。
2792307,修正液、医薬品や農薬製造用の溶媒、ジェット燃料として使われる。
57930,発泡スチロール製造に際して発泡剤として利用される。
57930,安価で比較的安全な低沸点流体として、地熱発電の一種であるバイナリー発電に於いてタービンを回すための媒体として用いられることがある。
57930,室温で液体のアルカンの中では最も揮発性が高いことから、実験室では蒸発させやすい溶媒として良く利用される。
57930,液相クロマトグラフィーの溶媒としてもよく使われている。
1310502,"日本で売られている家庭用ゴキブリ駆除剤でもフィプロニルが使われているものが多いが、駆除剤1個当たり0.5mｇ～1mｇのフィプロニルが含まれ、これは一日許容摂取量の約2,500倍から5,000倍相当となる。"
1310502,神経伝達物質であるGABAの作用を阻害することによりノミ、ゴキブリ、アリ、アルゼンチンアリ、シロアリなどの駆除に使用される。
1055804,TPAは強力な発がんプロモーターであり、プロテインキナーゼC (PKC) の下流のシグナル伝達経路を活性化させるための試薬としてよく用いられている。
1055804,TPAは細胞遺伝学的検査においてB細胞特異的分裂促進因子（英語版）としてがん診断において使用されている。
1055804,TPAはまた、イオノマイシンと共に、T細胞の活性化、増殖、サイトカイン産生を刺激するために一般的に使用されており、これらのサイトカインの細胞内染色のためのプロトコルにおいて用いられている。
1055804,TPAは慢性骨髄性白血病といったB細胞がんの細胞遺伝学的診断でB細胞の分裂を刺激するために使用される。
1055804,TPAはまた、血液がんの治療薬として研究されており、2015年12月、Rich Pharmaceuticals社がアメリカ食品医薬品局（FDA）から急性骨髄性白血病（AML）/骨髄異形成症候群（MDS）に対する第1相ならびに第2相臨床試験について認可された。
37785,沸点は 8 ℃ で、純粋なホスゲンは独特の青草臭であるが、毒ガスに使われるような低純度なもの、希薄なものは木材や藁の腐敗臭がするといわれている。
37785,第一次世界大戦で毒ガスとして用いられた時には、拡散して低濃度になったホスゲンに長時間曝露した兵士が20 - 80時間後に突然症状が悪化して死亡する事例が多数あった。
3283637,1964年にクリオキノールが入院患者の赤痢菌および赤痢アメーバ(Entamoeba histolytica)感染症の予防と治療に有効であるとの報告がなされた。
3283637,2005年、オランダ人家族に発生した赤痢アメーバ感染症の治療への使用例 2004年、オランダでの二核アメーバ（英語版）感染症への使用経験 1979年、ザイールでの赤痢アメーバ感染症への使用経験 クリオキノールは抗真菌外用薬として使用されるほか、ベタメタゾンとの配合薬が炎症性皮膚疾患の治療に用いられる。
3283637,1899年にチバ社（現：ノバルティス社）が外用殺菌剤として開発したがアメーバ赤痢の治療にも用いられ、日本では1936年に一旦劇薬に指定されたものが1939年に解除されると日本薬局方に収載され、整腸剤として広く使用（最大182品目）されるに至った。
41685,また、血液脳関門を通過しない物質であることがわかっており、体外からGABAを摂取しても、それが神経伝達物質としてそのまま用いられることはない。
41685,脊椎動物の中枢神経系では、主に海馬、小脳、脊髄などに存在し、また節足動物・甲殻類でも神経伝達物質として用いられている（下の項目を参照のこと）。
2372114,細菌のほか真菌に対する効果も高いため、真菌症の外用薬として用いられる。
2372114,またふけ防止用シャンプーや育毛剤に有効成分として添加される。
2372114,化粧品用には防腐剤として用いられる。
2372114,ピロクトンオラミン（Piroctone olamine）は殺菌薬として用いられる有機化合物である。
1687300,鮮やかな緑色を呈することからガラス、陶磁器などの着色剤として用いられる。
1687300,また水素により還元されて生成する微粒子状のニッケルは触媒作用が高いことから、油脂およびその他有機化合物の水素添加触媒として用いられる。
2343828,殺菌剤の効果を持つ。
2343828,トマチンは、溶液からコレステロールを沈殿させるための試薬として用いられている。
2314263,YCl3 は触媒として使われたり、超伝導体内に使われる。
1441064,あるいは界面活性剤、乳化剤、磨き粉、医薬品原料、防食剤、化成品としても利用される。
1441064,MEAはさまざまな酸性ガスの吸着剤として水溶液が利用される。
1441064,そのため、混合ガスをガス洗浄して酸性ガスを除去するのに利用される。
1441064,また薬剤学的にはMEAは緩衝剤や乳化剤として原体のまま利用される。
1441064,MEA水溶液は都市ガスの吸着アミンとしてガス洗浄に利用される。
3451577,クロロトリメチルシランと似た反応性を示し、有機合成においてTMS化試薬やルイス酸触媒としてしばしば使用される。
1668370,使われるのはもっぱら研究用で、それも高価なルビジウムの浪費を防ぐために慎重に扱われる。
2559903,黄色の顔料として使われ、オーレオリンもしくはコバルトイエローと呼ばれる。
1386586,比較的単純な金属塩なため基礎的な無機化学実験でよく使われる。
2061207,プロピレンの水素原子がすべてフッ素原子に置換した化合物で、有機合成化学における中間体として使われる。
2806294,パチョロールは、化学療法薬のパクリタキセルを合成するのにも用いられる。
19566,このため化学兵器としての用例は稀であり、毒性が類似しており空気より重い塩化シアンの方が使われる。
19566,共産圏のスパイたちも同様に青酸アンプルを常備していた（著名な例としては、大韓航空機爆破事件実行犯金勝一が自殺に用いたことで知られる）。
19566,人に対する毒性が強いため、殺虫用途での使用はかつてより減っているが、現在でも、輸入食品の燻蒸に使用されている。
19566,シアン化水素は殺虫剤のほか、化学兵器（血液剤）として使用された様に、動物にとって致死性の毒物である。
969196,天然キレート剤として、化粧品やパック素材として利用されている。
969196,甘味とともに酸味があり、酸味料、pH調整剤としてハム、ソーセージやジュースに利用される。
969196,また、低温で反応せず均一に発泡するため、ビスケット、パン、ドーナツなどの膨張剤として使用される。
969196,水溶液中では加水分解によりグルコン酸と平衡状態にあり、豆腐やチーズの凝固剤として使用される。
969196,グルコノラクトンは、天然の食品添加物として使用される。
862012,この緩衝液は10倍濃度のストック溶液を作製し、用時希釈して用いることが多い。
862012,TBE緩衝液は、トリス（Tris）とホウ酸（Borate）、エチレンジアミン四酢酸（EDTA）からなる緩衝液で、アガロースゲル電気泳動で核酸を分離するのに用いられる。
862012,分子生物学や核酸関連の生化学で用いられる各種の緩衝液の成分として広く使われている。
862012,医薬品としてはトロメタモール（Trometamol）と呼ばれ、注射薬への添加物やアシドーシス治療剤として用いられている。
862012,TE緩衝液はトリス（Tris）とエチレンジアミン四酢酸（EDTA）からなる緩衝液で、DNAやRNAを用いた実験に使われるごく基本的な緩衝液である。
862012,TAE緩衝液は、トリス（Tris）と酢酸（Acetate）、エチレンジアミン四酢酸（EDTA）からなる緩衝液で、アガロースゲル電気泳動で核酸を分離するのに用いられる。
862012,この緩衝液を大量に使用する場合には50倍（または10倍）濃度のストック溶液を作製し、用時希釈して用いることが多い。
862012,単独で用いるほか、1M（mol/L）の濃度でpHを調整しておき、これを薄めて後述のTE緩衝液などの調製に用いることも多い。
1193389,ウィルキンソン触媒など、有機合成で用いられる触媒の原料となる。
1193389,三水和物は各種ロジウム(III)錯体の合成出発物質として用いられる。
384083,また人工ゴムの製造にも用いられることがある。
384083,1942年11月28日、ボストンのナイトクラブCocoanut Groveで起きた大火事（英語版）は、冷蔵庫から冷媒に用いられていたクロロメタンが漏れ、それに引火したことが原因であると、1997年に結論付けられた。
384083,また一時期ガソリンの添加剤となる鉛化合物の製造にも用いられていたが、環境保護の観点から鉛添加自体が減少していったため、利用もされなくなった。
384083,有機化学においては、メチル化剤、あるいは塩素化剤として用いられる。
384083,CH 3 OH + HCl ⟶ CH 3 Cl + H 2 O 以前は冷媒として広く使われていたが、毒性のために利用されなくなった。
384083,他には油脂・石油・樹脂などの抽出剤として、またポリスチレン発泡体製造の際の発泡剤として用いられる。
384083,他にも局所麻酔剤、薬剤製造の際の中間体、低温重合の際の触媒担体、温度測定機材や恒温機材などに用いられる流動体、除草剤など様々な場所で用いられている。
384083,かつて冷媒として用いられたが、発癌性、毒性があるため用いられなくなり、既に消費者の身近に存在していることはほとんどない。
384083,冷媒などに用いられている液体を皮膚に直接接触させた場合は凍傷になる。
502063,電池用電極板の発泡金属（ニッケル）基材原料として利用される事がある。
500452,人体には、便秘解消やダイエットの効果もあるとされ、健康食品やスナック菓子類にも利用されている。
500452,粉状化粧品の固形化や、エキスの顆粒化、粘度の調整、皮膚への吸着剤、花火の結合剤として用いられている。
500378,点眼薬には等張化剤、pH調節剤が添加されている。
497499,N-メチル-2-ピロリドンは、γ-ブチロラクトンとメチルアミンとを縮合させて得る 高い溶解性を持つため、特に高分子化学の分野を中心に様々な物質に対する溶媒として用いられる。
497499,また各種繊維やレジン樹脂、金属皮膜プラスチックの表面処理時の溶媒や、ペンキはがし剤としても用いられる。
497499,N-メチル-2-ピロリドンとその誘導体は農薬や医薬品、繊維助剤、可塑剤、安定化剤、特殊インクなどの中間体として用いられることもある。
497499,ゴムの分野ではスチレン・ブタジエンゴム (SBR) ラテックス製品に用いられ、エレクトロニクス産業においてはプリント基板の製作に用いられる。
49037,オキサロ酢酸は、ホスホエノールピルビン酸を経由して糖新生に利用される[要高次出典]。
49037,糖原性アミノ酸（とうげんせいアミノさん、Glucogenic amino acid）とは、脱アミノ化（アミノ基転移による場合を含む）を受けた後、炭素骨格が糖新生に用いられるアミノ酸のことである[要高次出典]。
488073,半導体工業で、ケイ素表面のエッチング剤として用いられる。
544327,"ジフェニルリン酸アジド（ジフェニルリンさんアジド、diphenylphosphoryl azide, 略称 DPPA）は有機合成化学において、アジドの導入に用いられる試薬で、(PhO)2P(=O)-N3の構造を持つ。"
552509,ヘミン・ヘモグロビンあるいは血液は発光反応の触媒になるので、血液の鑑識に古くから用いられている。
524906,有機合成の分野においてはアミノ基の保護基として用いられる。
520951,ピペラジンは、米国では1950年代から駆虫薬としてヒト及び動物に用いられているが、その駆虫作用は、殺虫性ではなく、アセチルコリンの作用を遮断して虫体の運動筋を麻痺させる作用によるものであり、虫体を排便とともに排出させることを目的としている。
520951,アジピン酸やクエン酸の塩が動物用のぎょう虫、回虫の駆虫薬（ただし条虫には無効）として用いられる。
433929,1キログラムの天然オイルを得るには数百万のジャスミンを処理する必要があり、その費用はおよそ1万米ドルにも及ぶため、インドールは合成ジャスミン油の製造にも使用されている（費用は1キログラム当たりおよそ10米ドル）。
433929,現在では合成インドールが香水や香料に使われている。
433929,ところが非常に低濃度の場合は花のような香りがあり、オレンジやジャスミンなど多くの花の香りの成分でもあって、香水に使われる天然ジャスミン油は約2.5%のインドールを含む。
433929,香水産業で使用される天然のジャスミン油は、およそ2.5%のインドールを含有している。
431883,同じ重量の砂糖と比べてカロリーが75%程度と低いため、ダイエット食品、菓子などの低カロリー食品の甘味料として使用されている。
431883,甘味があり、食品添加物などに用いられる。
431883,また、水に溶解する際に吸熱反応を起こし、口の中でひんやりとした感触がすることから、飴・ガムやスナック菓子などに清涼剤として用いられる。
431883,蒲鉾などの 魚肉練り製品に砂糖などと共に添加することで、水分を保持しやすく、冷凍しても変質しなくなるほか、成形後の製品の食感を保持する効果がある。
431883,また、黄金かまぼこと呼ばれる商品では、タンパク質が糖-アミノ反応（メイラード反応）を起こすことで金色に発色させる効果も利用されている。
431883,硝酸カリウムと混合して、模型ロケットの燃料に使われる。
431883,品質保持、凍結防止、透明性向上などの目的で、うがい薬や練り歯磨きにも添加されている。
431883,保湿剤、増粘剤として化粧品に添加されている。
431883,下剤、栄養剤、浣腸液などの医療用途にも使われている。
374732,植物プランクトンの標本固定にも、通常グルタルアルデヒドが用いられる。
374732,生化学や形態学など生物学分野においては固定液として利用される。
374732,主に医療機器の滅菌、殺菌、消毒に用いられる。
374732,グルタルアルデヒドは殺菌消毒薬として利用され、2～20％溶液がグルタラールやステリハイド等の名称で販売されている。
470471,塩化水銀(I) は電極として利用されることがある。
470471,かつては化粧品（白粉）や下剤・利尿剤として利用されていたが、水銀中毒の危険があるために現在は使用されていない。
464583,農薬の材料として注目されていた時期があり、日本では戦前に種子の消毒剤として、1954年からは水稲のいもち病対策の農薬であるセレサン石灰などの主成分として利用されてきた。
46186,他の有機物質を合成するときの中間体として用いられる。
46186,また、医療機器や精密機械を滅菌するために用いられる。
46186,アセタール樹脂、エピクロロヒドリンゴムなどの原料として利用される。
477361,主に食品添加物や工業製品の着色用途として使用される。
477361,食品衛生法では青色2号（あおいろにごう）として食品添加物に指定されている。
477361,色素内視鏡検査…上部消化管内視鏡や大腸内視鏡で用いられ、病変部やヒダの集中にたまることでコントラストが付く。
477361,色に pH依存性があることを利用して、pH指示薬として用いられる。
477361,この還元体は酸化を受けやすく、少しでも酸素があると再びインジゴカルミンに戻り青色を呈することから、酸素の検出に利用される。
458140,有機合成において強塩基として用いられる。
626464,ガルデルマ (Galderma：皮膚科学専業の仏・スイス合弁企業) 社が創製した、アダパレンを含有した外用治療剤（ゲル、クリーム）は、同社により「ディフェリン® (Differin)」という製品名で世界80カ国以上で承認・販売されている。
626464,毛孔性苔癬等の皮膚疾患に適応外使用される。
626464,アダパレン（英語: Adapalene）とは、尋常性ざ瘡（ニキビ）の外用治療剤に使用される有効成分。
62464,航空機の機体や滑走路に散布する凍結防止剤として尿素を主成分とした防氷剤として使用される。
62464,窒素を多く含み、肥料としても使用される。
62464,尿素の用途として、保湿クリーム・肥料などとして広く使われており、ホルムアルデヒド (HCHO) と反応させることで尿素樹脂（ユリア樹脂）も得ることが出来る。
63449,医療用医薬品としては Alan B. Scott により、斜視に対し極めて微量のA型毒素が使用されたのを初め、2010年現在、83ヵ国で様々な疾患に用いられている。
63449,近年では医療用としてだけでなく、美容外科領域において筋弛緩作用を応用した「皺取り」や「輪郭補正（エラ取り）」の目的で使用されていることが多く、日本国内においても2009年にボトックスビスタという商品名で発売された。
63449,また、アカラシアの治療にもボツリヌストキシンの局所注射が有効という報告がある。
63449,オーストラリア - 眼瞼痙攣、片側顔面痙攣、第7脳神経障害（12歳以上）、小児脳性麻痺患者における下肢痙縮に伴う尖足（2歳以上）、痙性斜頸、腋窩の多汗症、眉間の皺、痙縮（成人）、痙攣性発声障害、斜視、上顔面部の皺 カナダ - 斜視、眼瞼痙攣、第7脳神経障害（12歳以上）、痙性斜頸（成人）、小児脳性麻痺患者における下肢痙縮、多汗症、痙縮（脳卒中後の上肢痙縮を含む）、上顔面部の皺 チリ - 斜視、眼瞼痙攣、第7脳神経障害（12歳以上）、脳性麻痺、痙縮（成人）、振戦、ジストニア、ミオクローヌス、片側顔面痙攣、痙性斜頸、発声障害、痙性障害、攣縮に伴う背部・頸部・脊椎痛、歯軋り、眉間の皺、腋窩の多汗症、排尿筋過活動による尿失禁 フランス - 眼瞼痙攣、片側顔面痙攣、痙性斜頸、眼球運動障害（斜視、動眼神経麻痺および甲状腺神経障害）、小児脳性麻痺患者における下肢痙縮に伴う尖足（2歳以上）、脳卒中後の上肢痙縮、腋窩の多汗症、眉間の皺（65歳未満）、上肢・下肢の痙縮 ドイツ - 眼瞼痙攣、片側顔面痙攣、痙性斜頸、小児脳性麻痺による下肢痙縮（2歳以上）、脳卒中後の上肢痙縮、腋窩の多汗症、眉間の皺（65歳未満） イタリア - 眼瞼痙攣、痙性斜頸、小児脳性麻痺による下肢痙縮（2歳以上）、片側顔面痙攣、脳卒中後の上肢痙縮、腋窩の多汗症、眉間の皺 韓国 - 斜視、眼瞼痙攣、第7脳神経障害（12歳以上）、小児脳性麻痺患者における下肢痙縮に伴う尖足（2歳以上、痙性斜頸、腋下の多汗症（18歳以上）、脳卒中後の痙縮、眉間の皺 メキシコ - 斜視、眼瞼痙攣、片側顔面痙攣、脳性麻痺、痙性斜頸、片頭痛、膀胱排尿筋過活動、発声障害、多汗症、顔面の表情皺、筋の過緊張による背部痛、歯軋り、裂肛、アカラシア、振戦、ミオクローヌス性障害 イギリス - 眼瞼痙攣、片側顔面痙攣、痙性斜頸、小児脳性麻痺による下肢痙縮（2歳以上）、腋窩の多汗症、脳卒中後の上肢痙縮、眉間の皺、片頭痛 眼瞼痙攣に使用した場合に眼瞼下垂、痙性斜頸に使用した場合に嚥下障害などの報告がある。
633167,かつてはマスタードガスの原料としても使われたことがあり、化学兵器禁止条約の第一種指定物質の原料物質にも掲載されている。
633167,インクジェットプリンターやボールペンのインクの溶媒として使われる。
62444,1960年代から1970年代には、ダイエットへの有効性が認識され、広く使われるようになった。
62444,1963年から発売開始されたコカ・コーラ社のタブなど、ダイエット飲料にも用いられている。
62444,アスパルテーム ズルチン・チクロ - 1960年代後半に使用禁止になった人工甘味料 国会汚物投擲事件 - 韓国の事件。
62444,しかし歯磨き粉には多く使用されている。
62444,サッカリン自体はほとんど水に溶けないためチューインガムにのみ使われ、通常は水溶性のナトリウム塩（サッカリン酸ナトリウム）としていろいろな加工食品に用いられる。
62444,ただし高濃度では苦味を感じるため、糖類系の甘味料に混合されて使用されることも多い。
620717,DNA結合タンパク質の精製に利用することもできる。
684515,サレン (salen) とは、有機化合物の一種で、有機金属化学の分野で配位子としてしばしば用いられる化合物である。
703784,また、広範な適用範囲を持つ抗菌剤（抗細菌剤・抗真菌剤）でもあり、カンジダ症（カンジダ属を原因菌とする皮膚感染症）の予防や水虫の治療に役立つとされる。
487740,三塩化リンは有機合成における試薬としても使用される。
487740,ウィッティヒ反応用のトリフェニルホスフィン、および他のリン化合物の中間体やホーナー・ワーズワース・エモンズ反応の試薬として使われるホスフィン酸エステルなどの工業的規模での合成に用いられる。
487740,リン酸エステルは、他にもジアジノンなどの殺虫剤やグリフォゼートなどの除草剤として使われる。
487740,これはリン酸エステル、例えばリン酸トリフェニルやリン酸トリクレジルなどのを製造するのに用いられ、難燃剤やポリ塩化ビニルの可塑剤として利用される。
487740,三塩化リンは五塩化リン PCl5、リン酸トリクロリド POCl3、ホスホロチオ酸トリクロリド PSCl3 の前駆体であり、これらは除草剤、殺虫剤、可塑剤、オイルへの添加剤、難燃剤など多岐にわたる用途を持つ。
487740,工業的に重要な化合物であり、除草剤、殺虫剤、可塑剤、油への添加剤、難燃剤の製造に使われている。
56097,この悪臭は低濃度でも感じるため、ガス施設などのガス漏れ検知剤や、都市ガスの付臭剤（ガス漏れにすぐ気づくように微量のチオールが添加されている）として使われる。
591426,また、内服によって尿失禁や膀胱炎の治療などに用いられている。
591426,皮膚外用によって水泡ができ（発泡薬）、炎症や神経痛の治療、イボ取りなどに用いられている。
56091,また、これを固形化したものはプール（及び付帯施設の足洗い場・腰洗い槽）の消毒によく用いられる。
56091,漂白、消毒に使用される。
612360,獣医学において、ルチンはイヌおよびネコの乳び胸の管理に使用されている。
612360,ルチンが痔、静脈怒張、細小血管障害（英語版）の治療に使用できるとするいくつかの証拠が存在する。
612360,また、当該化合物の生体内代謝産物となる活性本体、クェルセチンについても、非感染性前立腺炎の治療に対して有効性が認められているほか、ドイツのコミッションEにおいても花粉症による炎症の抑制効果について効果が認められており、栄養学の見地からは、フードファディズムとは一線を画する微量栄養素と考えられる。
612360,ルチンは俗に「健康によい」として様々な効能が謳われており、抗炎症効果や血流改善効果については数多くの論文にて報告されている。
612360,そのため、水溶性の糖化したα-グリコシル-ルチンが食品添加物として利用される。
606717,保存剤、消毒剤、溶媒としても利用される。
610199,主に医療器具の滅菌、殺菌、消毒に 0.2%–0.3% の濃度で用いられる。
610199,過酢酸は殺菌消毒薬として使用され、6% 溶液がアセサイドという商品名で販売されている。
158171,引火点 −2 ℃の、パイナップルに似た果実臭のする無色で揮発性の液体で、有機溶媒として用いられる。
158171,酢酸エチルはシンナー・ラッカーなど塗料の溶剤として利用される。
158171,また、パイナップル・バナナ等天然の果実油の中にも広く含まれる果実臭成分の一つであり、エッセンスなど食品添加物の成分としても利用される。
158171,クロマトグラフィーでは、低極性溶媒であるヘキサンとの混合溶媒が最も頻繁に用いられる。
158171,また、昆虫の標本を作製する際には、殺虫するときや軟化するときに虫体が硬くなりにくく防腐効果のある殺虫剤として、必需品とされている。
1577146,低カルシウム血症の治療に最も使用されるカルシウムの形態である。
1577146,グルコン酸カルシウムのゲル製剤はフッ化水素酸の化学熱傷の治療に使用される。
1577146,フッ素イオンはカルシウムと速やかに結合してフッ化カルシウムを生成するため、フッ化水素酸の皮下への浸透を防ぐ効果がある。
1553396,実際には、コバルトセンの可逆的なレドックスカップルは、その振る舞いからサイクリックボルタンメトリーの内部標準に使われている。
1553396,コバルトセンは実験室において、1電子還元剤として用いられる。
1560938,術後悪心嘔吐（英語版）（PONV）にも有効であるが、高価であり、使用が制限される。
1560938,5-HT3受容体拮抗薬（英語版）は、化学療法誘発性悪心嘔吐（英語版）（や放射線療法誘発性悪心嘔吐）を治療・予防できる。
1560938,オンダンセトロンは妊娠悪阻の治療薬として適応外使用される。
1560938,オンダンセトロン（Ondansetron） は、5-HT3受容体拮抗薬として抗がん剤等による薬物性嘔吐の予防および治療に用いられる。
1560938,胃腸炎の治療にも有効である。
1612616,オクタメチルピロホスホルアミド（Octamethyl pyrophosphoramide）は化学式がC8H24N4O3P2 の有機化合物で、柑橘類、リンゴ、ナシ、ホップの害虫の殺虫剤として使用されていた有機リン化合物である。
160786,専ら重合用のモノマーとして利用される。
160786,スチレンモノマーはイオン重合、配位重合などにより生成するコポリマーとしてスチレン・ブタジエンゴムを始めとしてエラストマー、熱硬化性樹脂、エマルションとなど多くの合成樹脂原料としても利用される。
1612921,医薬品として用いられるのはコハク酸塩（コハク酸ドキシラミン）である。
1612921,米国などでは、単独で短時間作用型の睡眠改善薬として用いられるほか、他の成分と組み合わせて風邪やアレルギーの諸症状を緩和するための夜間服用型の薬として用いられることがある。
1612921,またOTCの睡眠改善薬として、Somnil、Dozile、Donormyl、Restavit、Unisom-2などの商品名で用いられている。
1612921,Unisomの商品名で販売されている錠剤タイプの睡眠改善薬の有効成分だが、Unisomの軟カプセル剤タイプではドキシラミンの代わりにジフェンヒドラミンが用いられている。
1612921,オーストラリアやカナダなどの英連邦諸国や英国では、緊張型頭痛などの鎮痛薬として、商品名Dolased、Syndol、Mersyndolなどで、アセトアミノフェンやコデインと組み合わせて用いられている。
160117,pH指示薬として、滴定やpH試験紙等に用いられる。
160120,メチルオレンジ（Methyl orange）は、滴定においてよく使われるpH指示薬である。
160120,メチルオレンジは酸性の半ばで非常にはっきりと色が変化するため、酸の滴定に良く使われる。
1603751,その特有な不快臭のため、テトラヒドロチオフェンは時々一般的なエタンチオールに代わって天然ガスの臭気物質として付臭に使われる。
1603751,また、殺虫剤や防虫剤の溶媒にも使われている。
1603751,また、リチウム電池の電解液としても使われている。
160146,硝酸塩の検出、DNAの抽出に使われる。
160136,クレゾールレッドは、制限消化やポリメラーゼ連鎖反応（PCR）を妨害しないので反応液中に加えられ、次の段階のアガロースゲル電気泳動やポリアクリルアミドゲル電気泳動へのローディング色素として利用される。
160136,アガロースゲル電気泳動とポリアクリルアミドゲル電気泳動の泳動中はカラーマーカーとしても利用され、濃度1%のアガロースゲルにおいてDNA分子サイズ約125塩基対に対応する。
160136,クレゾールレッド（Cresol Red、o-Cresolsulfonephthalein）は、トリフェニルメタン系染料の一つで、しばしば水族館でpHの調査に用いられる。
1483298,アダムス触媒は有機化学の分野で、水素添加や水素化分解の触媒として利用される。
1483298,水素化、水素化分解、脱水素または酸化反応に利用される。
1483298,またアダムス触媒はフェニルリン酸エステルの水素化分解に利用され、この反応はパラジウム触媒では生じないことが知られている。
1470754,パラチオンやメタミドホスなど、有機リン系殺虫剤の合成中間体として用いられる。
1485963,日本では食品添加物としての認可や農薬登録は受けていないが、日本国外では飼料・ペットフードの抗酸化剤や、リンゴ・梨などの焼け防止剤、殺菌剤として広く用いられている。
1564095,基板上の形成したヘテロエピタキシャル構造を利用し、HEMTやHBT等の超高速半導体素子の基板として用いられる。
1564095,光通信用途では、InGaAsPやInGaAlAsといった四元系混晶半導体材料をエピタキシャル成長することができるので、半導体レーザー、光変調器、光増幅器、光導波路、発光ダイオード、受光素子等の各種光通信用デバイスの基板として使用され、通常は格子整合する混晶組成がカバーする1.0–1.7μmの波長のデバイスに用いられる。
1564095,通信以外の用途では、これらの波長に対応する各種光センサーに用いられることもあるが、さらに格子整合しない1.9–2.6μm帯の受受光素子用基板にも利用され、水分センサー、分光器や輻射温度計測器などに用いられている。
1454192,いずれもOTC医薬品に用いられている。
142523,衛生状態が改善した後は、農業用の殺虫剤として利用された。
142523,2007年現在で主に製造している国は中国とインドで、主に発展途上国に輸出されマラリア対策に使われている。
142523,農薬としても一部では使用されており、残留農薬となったDDTが問題になることもある。
142523,このため、現在、日本国内において製造・使用が禁止されているが、一部の発展途上国においてはマラリア予防のために使用されている。
142523,また、発展途上国ではDDTに代わって、パラチオンなどのDDTよりも毒性が強いことが判明している農薬が使用されている実態もあった（なお、パラチオンは日本を含む主な先進国では使用が禁止されている）。
142523,このため2006年よりWHOは、発展途上国においてマラリア発生のリスクがDDT使用によるリスクを上回ると考えられる場合、マラリア予防のためにDDTを限定的に使用することを認めた。
1448447,ジイソプロピルエーテルはガソリンの添加剤（助撚剤）としても利用される。
1448447,ジイソプロピルエーテル(Diisopropyl ether)は二級のエーテルで溶媒としても利用される有機化合物である。
1429429,キサントホスは二座配位子であり、その広い配位挟角 (bite angle) を特徴として遷移金属触媒上で利用される。
1583995,実験室では、ラウリル硫酸ナトリウムはポリアクリルアミドゲル電気泳動(SDS-PAGE)用にタンパク質を処理するために使用される。
1583995,清掃用洗剤に含まれる他、歯磨き粉やシャンプー、ボディーソープにも使用される。
1583995,乳化剤や発泡剤、洗浄剤として、日用品では歯磨き粉、シャンプー、髭剃りクリーム、泡風呂、リキッドファンデーションなど、医薬品では薬・サプリメントのカプセルなど、工業用としてはガレージのフロア用洗剤、エンジンの油落とし洗剤、洗車用洗剤などの多く用途に使用されている合成化学物質である。
1577124,化学的酸素要求量 (COD) 計測による環境解析に使われる。
1577124,亜鉛、アルミニウムなどの金属の防蝕剤として使われる。
153172,五硫化リンは医薬品原料や潤滑油添加剤として用いられる。
1573835,食品産業において防腐剤として使われている。
1555811,高純度の金属ケイ素の製造にも使われる。
1575659,"メチレンテトラヒドロ葉酸レダクターゼ(EC 1.5.1.20)によって5,10-メチレンテトラヒドロ葉酸から合成され、5-メチルテトラヒドロ葉酸-ホモシステインメチルトランスフェラーゼ(EC 2.1.1.13)（またはメチオニンシンターゼと呼ぶ）によるホモシステインからのメチオニンの再生に使われる。"
161388,次亜塩素酸および次亜塩素酸の塩類は酸化剤、漂白剤、外用殺菌剤、消毒剤として利用される。
1835834,トランスフルトリンは室内環境におけるハエ、カ、ゴキブリに対して用いられる。
1826878,軟膏に殺菌剤や消臭剤として配合されるほか、ミネラル補給を目的とした飼料添加物としても使用される。
1819631,近年ではリチウム塩として、躁病や双極性障害の治療にも用いられる。
1807175,"カルバリル（英: Carbaryl, NAC）は、可逆性コリンエステラーゼ阻害剤、カーバメイト系殺虫剤の1種で、農薬や動物用医薬品として用いられる。"
184525,単独のグリコールとしては不凍液・流体の可視化用トレーサなどに用いられている。
184525,また原料として合成樹脂・繊維、溶剤、界面活性剤、食品添加物、医薬品など多用される他、保湿剤としてシャンプー、化粧品などにも使われている。
1787749,"イノシトールトリスリン酸（英: Inositol trisphosphate, IP3）は、ジアシルグリセロールと共に、細胞のシグナル伝達においてセカンドメッセンジャーの1つとして生体に利用されている。"
1787749,また、脂質メディエーターとしても使われる。
177729,クロロクロム酸ピリジニウム (pyridinium chlorochromate) は、有機合成に用いられる酸化剤のひとつ。
1774055,スルフィンピラゾン(英: sulfinpyrazone)とは痛風の治療に使用される尿酸排泄促進薬の一つ。
1793432,放射線の遮蔽や、シモンズ・スミス反応などに用いられる。
1791634,ブラウン管やフェライト磁石の原料などとして利用される。
1925357,三フッ化窒素はシリコンウェハーのプラズマエッチング（英語版）に使われる。
1925357,特に液晶ディスプレイやシリコンベースの太陽電池フィルム用のプラズマCVD処理室の洗浄に使われる。
1925357,三フッ化窒素はケイ化タングステン（タングステンシリサイド（英語版）、WSi2）と一緒に化学気相成長させて、タングステンを作るのにも使われる。
1925357,三フッ化窒素は取り扱いの容易さと安定性から、化学レーザーの一種であるフッ化水素レーザーに用いられる。
1925357,半導体化学でエッチングガスとして使われるため、使用は増加傾向にある。
1906013,触媒や、ニッケル・水素充電池・ニッケル・カドミウム蓄電池の原料として用いられる。
1892812,(ΔHsoln = −16.6 kJ mol−1) 結晶は圧電効果を示すが水溶性であるため圧電素子としての使用は研究分野などに限定される。
1886400,セレノメチオニンをメチオニンの代わりにタンパク質に導入することによって、MAD法を用いたX線回折による構造解析に役立てることができる。
1870584,酢酸に鉄を溶かして作られ、媒染剤として染色に使われるほか、日本をはじめアジアの一部地域ではお歯黒として用いられた。
1866600,特にニッケル(II) とは鮮やかな赤色の沈殿を作ることから、その定量分析に用いられる。
1866600,ジメチルグリオキシムはニッケルの重量分析においてキレート剤として利用される。
1866600,定量分析においてジメチルグリオキシムはエタノール溶液の形で用いられる。
1885021,3水和物を形成する事も可能であり、ルテニウム化合物の原料として広く用いられる。
1663779,外見は無色の液体で、有機合成の原料として用いられる。
1654006,触媒や酸化剤として使われる。
1653935,顔料であるコバルトブルー（CoAl2O4）の製造原料として用いられる。
1670912,殺菌剤のトリアジメフォンや除草剤のメトリブジンの合成中間体となるトリアゾリルピナコロンの合成に、ピナコロンが用いられる。
1680567,分子内に1つキラル中心を持っているものの、医薬品として使用する際、この鏡像異性体は区別されず、ラセミ体が用いられている。
1680567,なお、ケトプロフェンは他の非ステロイド性抗炎症薬と同様に炎症や痛みの原因を治療する薬剤ではなく、あくまでこれらを抑える作用が存在するだけである。
1680567,ケトプロフェンはウマや他のウマ科動物で一般的に使用される非ステロイド性抗炎症薬、解熱薬、鎮痛薬としても知られる。
1680567,この他、ケトプロフェンは小動物での外科手術における鎮痛薬としても使用される。
1671954,抗菌剤や防腐剤などとして主にシャンプーや化粧品に添加される。
1671954,抗菌効果に伴いフケを抑える効果もあり、ジンクピリチオンを配合したシャンプーも市販されているが、花王が発売しているメリットは2006年に成分が変更され、現在は配合されていない。
1616604,1994年1月に高血圧治療への使用が承認され、1998年9月に腎実質性高血圧症と狭心症について追加承認された。
1614092,鉄酸バリウムは酸化剤の一つで有機合成で用いられている。
1750599,米国ではAlbenza、Eskazole、Zentelなどの商品名で市販されて広く使用されているものの、米国食品医薬品局は寄生虫病の適応としては認可していない。
1750599,日本で包虫症の治療薬として承認されているほか、海外ではジアルジア症、鞭虫症、フィラリア、神経嚢虫症（英語版）、蟯虫症（英語版）、回虫症等の治療に用いられる。
1750599,扁形動物 吸虫 肝蛭症 条虫 嚢虫症 エキノコックス症 線形動物 蟯虫症 鞭虫症 トキソカラ症 回虫症 鉤虫感染症（英語版） 糞線虫症（英語版） トリコストロンギルス属感染症 毛頭虫症（英語版） 皮膚幼虫移行症（鉤虫属（英語版）による） フィラリア ハエ蛆症（英語版） アフリカでは、象皮症の伝播防止の努力の一環としてアルベンダゾールが使用されている。
1750599,抗原虫薬として、ジアルジア症や微胞子虫症の治療に応用される。
1747207,香料として工業的に用いられる。
1747207,この手法ではヘキサノールの位置異性体を含む混合物が得られ、それぞれ可塑剤の原料として利用される。
169186,ネルボン酸は、スフィンゴ脂質中のネルボン酸濃度が不足する副腎白質ジストロフィーや多発性硬化症のような脱髄疾患の治療に使われる。
1688249,そのエステルと同様、アルキル化剤として有機合成に広く用いられる。
1717978,クレンブテロールは、筋肉増強剤としての効果が見込まれているため、各スポーツ競技においてドーピングに用いられないよう検査対象薬物にされていることが多い。
1737545,古くは、殺菌剤，防腐剤，結膜炎の治療に用いられたが、今日では多くの国で法律により使用規制を受けている。
1095173,このことから、しばしば、シアン化合物による中毒死を目的として、毒殺や自殺に利用されてきた経緯がある。
1095173,ハロゲン化アルキルとの求核置換反応 R − X + KCN ⟶ R − CN + KX ( R = alkyl ) 青酸中毒死は、工業用に使用されている関係上、男性に多く、自殺の手段として使用されることも多い。
1148105,セロトニンと5-HT3受容体との結合を選択的に阻害することで求心性迷走神経の活性を低下させ、延髄の化学受容器引き金帯（CTZ）を抑制する事で嘔吐を抑制するため、がん化学療法で制吐薬として使用される。
1148105,グラニセトロンはオンダンセトロンと同様に化学療法-誘発性嘔気・嘔吐の治療に用いられる。
1148105,グラニセトロンを含む多くの薬剤が、術後悪心嘔吐（英語版）（PONV）の治療に有効であるが、グラニセトロンは日本では適応外である。
1145214,ウマの疝痛、ウシの第一胃アトニーなどにおいて消化管運動を亢進することを目的として使用される。
1140516,イソプロテレノール（Isoproterenol）またはイソプレナリン（Isoprenaline）は、徐脈、房室ブロック、気管支喘息の治療に用いられる医薬品の一つである。
1140516,日本では錠剤が高度徐脈の治療（特にアダムス・ストークス症候群予防）薬としてカプセル剤が「めまい」治療薬として、注射薬がアダムス・ストークス症候群発作治療薬、急性心不全および術後低心拍出量症候群治療薬、気管支喘息重症発作治療薬として、吸入薬が喘息治療薬（気管支痙攣の緩解）として承認されている。
1140516,吸入薬として気管支喘息の治療にも用いるが、その使用頻度は少ない。
1140516,気管支喘息、気管支炎、慢性閉塞性肺疾患治療薬として注射・舌下投与（英語版）用アンプルが販売されている国もある。
1140516,注意して用いると、後天性の機序によるトルサード・ド・ポワントの治療に使用できる。
1140516,イソプロテレノールは交感神経β1受容体・β2受容体作動薬であり、β2選択的作動薬であるサルブタモールが開発される以前は喘息治療薬として広く用いられていた。
1156072,中枢抑制薬による呼吸抑制の治療などで使用される。
1156072,1975年6月に再評価を受け、新生児仮死、ショック、催眠剤中毒、溺水については効果が実証されており、肺炎、熱性疾患、麻酔剤使用時についても有効であることが推定されると評価され、いずれも効能・効果として確定された。
1198019,ダマスコンやイソメチルイオノンなど、他の香料を製造する際の原料としても使われる。
1198019,多く調合香料や食品香料として利用される。
1140453,統合失調症の治療に使用され、日本国内ではエーザイより商品名プロピタンで発売されている。
1024773,ジョージア工科大学の研究者によって、太陽電池パネルにフラーレンと結合されたペンタセンを用いる新たな手法が開発されている。
1027018,食品の着色料として古くから用いられる。
10166,またアンモニアは食品添加物として認められ、パンや洋菓子などの生地の膨張剤として使用される。
10166,また 9.5–10.5% のアンモニア水溶液は日本薬局方一部医薬品（日本薬局方アンモニア水）で虫刺され用の外用薬の成分として用いられることもある。
10166,アンモニアには毒性があるが、微量であれば食物の風味として利用される。
10166,銀鏡反応を利用した銀めっきの還元剤としても使用される。
10166,液化したアンモニアはバーチ還元の溶媒として使用される。
10166,用途例 推進剤 - 燃料電池やXLR99のようなロケット 19世紀末にはアメリカ合衆国で Emile Lamm が1870年と1872年にアンモニアを動力源として使用する機関車に関する特許を取得してニューオーリンズで1872年に作動流体として圧縮空気や蒸気の代わりにアンモニアを使用する無火機関車が馬車鉄道の代わりに使用された。
10166,また、蒸発熱が大きいため (5.581 Kcal/mol)、かつては冷蔵機・冷凍機の冷媒として利用されていたが、フロンなどに替わられた。
1023103,スズラン、ラベンダー、ベルガモット様の芳香をもつため、大量に香料として利用されている。
1023103,フレーバー、フレグランス両方の香料原料として使用される。
1023103,ビタミンAやビタミンEのようなテルペノイドの部分骨格を持つ医薬品の原料としても使用されている。
1067475,他にも色素レーザーの媒体、法医学や血清学における血痕の探索、色素追跡（英語版）用途などに広く利用されている。
1067475,フルオレセイン (fluorescein) は顕微鏡観察に用いられる蛍光色素の一種である。
1067475,オーストラリアやニュージーランドでは変性アルコールの検出にも使われている。
1067475,日本におけるこのような使用例については、薬事法の規定に基づいた、医薬品等に使用することができるタール色素を定める省令によって黄色201号として指定されている。
1067475,フルオレセインは入浴剤に添加する着色料として使われる。
1067475,細胞生物学や免疫組織化学において、前述のようなイソチオシアネート化合物は細胞の標識と追跡に用いられ、蛍光顕微鏡やフローサイトメトリーに使われる。
1067475,一方造影は加齢黄斑変性、糖尿病網膜症、眼内の炎症・腫瘍などの識別に利用される。
1067475,また、フルオレセインは核酸と結合させてハイブリダイゼーション用のプローブとしても利用される（→FISH法）。
1067475,生物学的に活性のある分子（抗体など）を付加したフルオレセインも普及しており、細胞内の特定のタンパク質や微細構造を標識する用途で利用されている。
1064260,工業的には、アルケンを重合させポリオレフィンを作る際の触媒として利用される。
1079879,"ジアザビシクロノネン (1,5-diazabicyclo[4.3.0]non-5-ene) とは有機合成化学で用いられる反応試剤のひとつ。"
1079879,ジアザビシクロウンデセン (DBU) と同様に環状のアミジン構造を持ち、用途も同様にハロゲン化アルキルからの脱離反応などに用いられる。
1059604,近年になって[いつ?]睡眠薬や脱法ドラッグとして使われるようになったことから、平成13年11月25日以降、麻薬指定され「麻薬及び向精神薬取締法」により、無資格者による輸入、輸出、製造、製剤、小分け、譲り受け、譲り渡し、所持、施用が禁止された。
1059604,2012年現在、ナルコレプシーとアルコール依存症の治療薬として使用されている。
1059604,2002年に、ナルコレプシーの治療薬としてFDAに認可された。
1050477,また、レミフェンタニルの鎮静作用は他の鎮静薬、たとえばプロポフォールと相乗作用があるため、鎮静薬の使用量を減らすことができる。
1041689,このため、水素ラジカル源、ヒドリド源として有機反応に用いられる。
1323921,ジベレリン酸は、実験室またはビニールハウスで休眠中の種子の発芽を促進するために時々使われている。
1323921,また、ブドウ栽培産業においては維管束を大きくして大きなブドウを作ったり、種なしブドウを作ったり、さらにサクランボの成長調節などに広く使われている。
1306689,尿路感染症に対する治療薬として用いられる。
1330039,有機合成においてラジカル的還元剤として用いられる。
1330039,有機ハロゲン化合物のハロゲンを水素に置き換える還元剤として用いられる。
1301304,酢酸カリウムは、塩化カルシウム、塩化マグネシウムなどの塩素を含む塩の代わりに、除氷剤や融雪剤として用いられる。
1301304,熱を奪い、油と複合体を形成する性質を利用して、消火剤として消火器にも入っている。
1301304,重炭酸塩に分解され、酸化状態を中和する性質を利用して、糖尿病性ケトアシドーシスの治療に用いられている。
1301304,分子生物学で酢酸カリウムは、ドデシル硫酸とそれに結合したタンパク質を沈殿させ、タンパク質をDNAから引き離すのに使われる。
1301304,欧州連合では酢酸カリウムは保存料、pH調整剤として食品添加物にも使われている。
1301304,酢酸カリウムは組織の保存、固定、ミイラ化に使われる。
1302712,有機合成では、2-テトラヒドロピラニル基はアルコールの保護基として用いられる。
1302728,ブロモベンゼンはグリニャール試薬のひとつ、C6H5MgBr を調製するときの原料として使われる。
1302728,ブロモベンゼンはまた薬品の製造にも用いられる。
1416667,食品添加物として利用され、重曹の分解を促進する薬剤の1つとしてベーキングパウダーに添加されることがある。
1416667,他にpH調整剤や酸味料としても使用される。
1416667,さらに、皮なめし、染色、電気メッキ等の工業的な用途でも使用される。
1410927,関節リウマチ（RA）や全身型若年性特発性関節炎（英語版）（小児の重症型関節炎）の治療に用いられる。
1371546,スルトプリド (sultopride) は、非定型抗精神病薬として用いられる有機化合物の一種。
1371546,主に統合失調症、躁病の治療薬として用いられる。
1360982,キノキサリンは染料として、また、エチノマイシン・レボマイシン・アクチノロイチンのような抗生物質の原料として用いられる。
1372856,有機化学ではチオール基の導入に使われる。
1380314,工業的には整髪料にも使われている。
1383346,一酸化銀（いっさんかぎん、英: silver monoxide）は、酸化銀-亜鉛アルカリマンガン乾電池の製造段階で使われる無機化合物である。
1298963,MALDI法による質量分析でタンパク質のマトリックスとして利用されている。
12437,酒税を回避するため、メタノールよりは誤飲時の毒性が低いイソプロパノールを数％添加するか、苦味や匂いを付加して飲用に適さないアルコールとしている。
12437,消毒効果は消毒用エタノールに比べて小さいが、肝癌治療に応用されている。
12437,メタノールやエチレングリコールを誤飲した場合の解毒剤として用いられる。
12437,モータースポーツのインディカー・シリーズでは2007年より98%エタノール燃料（飲用防止と発火を目視できるように2%のガソリンを混ぜてある）を使用している。
12437,殺菌料として食品添加物に用いられる。
12437,外用剤や化粧品等に用いられている変性アルコールは変性剤としてメタノールを使用しておらず有害性はやや低い。
12437,殺菌・消毒といった外用に用いた場合では人体への影響はほぼ無視できるものの、エタノールの濃度が非常に高いため飲用した場合は急性アルコール中毒を引き起す危険性が高い。
12437,工業用に作られたエタノールが酒税法で定める酒類に転用されるのを防ぐために、昭和12年（1937年）に制定された旧アルコール専売法や平成12年（2000年）に制定されたアルコール事業法では、容積比で90%のエタノールを含むアルコールの製造・使用・流通を制限ないし管理している。
12437,工業用に使用するアルコールにはこの公示価格は適用されなかったが、その場合は添加物を加えて飲用不可の状態とすること（変性アルコール）が義務づけられていた。
12437,殺菌・消毒のほか、食品添加物、また揮発性が強く燃料としても用いられる。
12437,この他、エタノール溶液は金属組織を顕微鏡観察し易くするための腐蝕液として用いられる。
12437,溶剤（有機溶媒）、有機合成原料、消毒剤などとして広く使われている。
12437,工業用アルコールのうち、天然の原料から作った発酵アルコールは、食品の防腐用、みりんなどの調味料の原料などに使用され、化学合成された合成アルコールは接着剤、インク、塗料、農薬などに使用される。
1237927,"工業的には N,N-ジメチルホルムアミドの製造原料が主な用途でありその他にも医薬、農薬、合成樹脂、界面活性剤、ロケット燃料など化成品の原料として利用される。"
1237927,または触媒、ゴムの加硫化剤などにも利用される。
1124544,主な特徴として血液脳関門を通過するという事があるため、ニムスチン（nimustine、ニドラン、ACNU）は脳腫瘍の治療によく使用される。
1124544,多剤併用では消化器癌、小細胞性肺癌などにも使われることがある。
1185967,ウォーターブルー (water blue) は、染色に使われる有機化合物である。
1203950,ウマでは筋骨格疾患に由来する炎症の抑制や疼痛の緩解、ウシでは呼吸器疾患および内毒素血症に伴う発熱と炎症の抑制に使用される。
1205115,頻尿と尿意切迫感、時として尿失禁を伴う過活動膀胱症候群の治療に用いられる。
1273610,2 NH 4 F ⟶ NH 4 + + HF 2 − + NH 3 医療用，金属の表面処理剤、発酵工業におけるホースや導管等の消毒用、あるいは木材の防腐用に使われる。
1273610,用途はガラスの腐食（つや消し，エッチングなど）や発酵工業における消毒などに用いられる。
1244436,酸化鉄(III) は磁気記録に利用され、例としてはフロッピーディスクの磁性面に利用されている。
1244436,歴史的にはrougeは化粧品としても利用された。
1244436,酸化鉄(III) の非常に細かい粒子はjeweller's rouge、 red rougeあるいは単にrougeと呼ばれ、金属装飾品やガラスレンズに利用されている。
1244436,あるいは磁性流体の製造にも利用される。
1244436,そしてこれを癌組織を標識させると磁気制御による薬剤輸送にも、局所的な温熱療法にも利用される。
1244436,酸化鉄(III) は溶鉱炉で金属鉄を製造するのに利用されている。
1244436,また、酸化鉄(III) はテルミット法と呼ばれる激しい発熱反応にも利用される。
1244436,酸化鉄(III) のナノ粒子は医療機材として応用され、核磁気共鳴画像法のコントラスト造影剤としても利用されている。
1244436,2 Al + Fe 2 O 3 ⟶ 2 Fe + Al 2 O 3 酸化鉄(III) は色素としても利用され、Pigment Brown 6、 Pigment Brown 7そしてPigment Red 101などと呼ばれている。
236551,白血球の一種である好中球が殺菌の際に放出する活性酸素や過酸化水素の放出（呼吸バースト）を抑える作用もある。
236551,日本では合成品は医薬品扱いとされ、主に医薬部外品を含む栄養ドリンクの主成分に使われる。
236551,また、目の新陳代謝を促進する働きがあるため、目薬の成分として使用されることもある。
236551,天然抽出物は食品添加物として使用が認められており、強化剤として育児用粉ミルクにも添加されている。
236551,レッドブルなどに代表される「エナジードリンクと呼ばれる清涼飲料水」は、諸外国ではタウリンを含んだ形で販売されるが、日本では清涼飲料水としての規格の下で製造・発売されているためにタウリンを使用することができず、アルギニンなどで代用されているがタウリンと同等の作用はしない。
236551,中国ではドライシロップが小児向けの風邪の初期症状を抑える薬として使用されている。
218484,この性質はポリエステル樹脂合成などの重合開始剤として利用されている。
236147,n-ブチルリチウムが当量のハロゲン化合物と反応し、リチウム化合物とハロゲン化ブチルを生成するのに対し、tert-ブチルリチウムを用いた場合には、生成したtert-ブチルハライドに対してtert-ブチルリチウムが塩基として反応するため二当量のtert-ブチルリチウムが必要である。
236147,有機合成において、塩基、求核剤、リチオ化剤として用いられる。
236147,アルキルリチウムはグリニャール試薬と同様に求核剤として用いられることもあるが、含ハロゲン化合物のリチオ化や塩基として用いられることも多い。
2211690,PBZは、茎葉部の生長阻害を目的として樹木医に用いられるが、その他の有用な効果を樹木に与える。
2214416,没食子酸プロピル（もっしょくしさんプロピル または ぼっしょくしさんプロピル）は、食品の酸化防止剤として使用される食品添加物である。
2361757,メチルプロピルエーテル(Methyl propyl ether)は、かつて全身麻酔薬として用いられていたエーテル化合物である。
2170531,トキソプラズマ症・ニューモシスチス感染症でも用いられる。
2170531,副鼻腔炎においてペニシリン系薬剤の代替薬として用いられることもある。
217088,高血圧のない状態でも腎保護効果を期待して使用され、慢性腎不全に対して応用されている。
217088,エナラプリル（Enalapril）は高血圧や鬱血性心不全の治療に用いられるアンジオテンシン変換酵素（ACE）阻害薬の一つである。
2219103,人体には、便秘解消やダイエットの効果もあるとされ、健康食品やスナック菓子類にも利用されている。
2219103,天然の炭酸飲料やキャンディを作るのに用いられる。
22229,プロパンは、主としてガス燃料として用いられている。
22229,LPガスは厨房用、給湯用、空調用の熱源として用いられている。
2341656,研究室において頻繁に用いられる試薬である。
2341656,他の硫酸鉄(II)の塩に比べて、硫酸アンモニウム鉄(II)は鉄(III)に酸化されにくいので、分析化学において滴定によく用いられる。
2144379,シルニジピン（Cilnidipine）とは カルシウム拮抗薬のひとつで高血圧症治療薬のこと。
2370416,最もよく知られている雷酸塩は、雷管の主要な起爆薬として使われる雷酸水銀(II)である。
2153576,2014年12月には、米国で併存性（英語版）を有する肥満症の治療薬として承認された。
2153576,米国では、過体重関連疾患を1つ以上有する肥満症の治療薬としても承認されている。
2153576,リラグルチド（Liraglutide）は2型糖尿病治療用の長期作用型ヒトGLP-1アナログ製剤の1つである。
237291,また無水の金属ハロゲン化物を作る際の脱水剤やカルボン酸およびアルコールの塩素化によく用いられる。
2133417,食品用香料や、建材の防腐剤として使用される。
245531,また、工業的には医農薬原料、エポキシ樹脂の硬化剤、ウレタンの硬化触媒、銅の防錆剤などとして利用される。
2386060,殺虫剤用共力剤（殺虫効果を高める添加剤）あるいは防虫剤として用いられる。
230447,染料の原料や止血剤として用いられる。
22407,グリシンは様々な生体物質の原料として利用されている。
22407,静菌作用があり、日持ち向上剤に使われるほか、ブロイラーの生産性向上を目的とした飼料添加物、グリシンを主成分として睡眠の改善効果を謳った機能性表示食品も市販されている。
2327665,レナリドミドは炎症性疾患とがんの治療に用いられ成功してきた。
2327665,2013年現在、再発もしくは難治性の多発性骨髄腫（Multiple Myeloma: MM）と5番染色体長腕部欠失を伴う骨髄異形成症候群（del(5q)MDS・5q-症候群）の抗悪性腫瘍用剤（治療薬）である。
2262184,プロスルチアミン（英: Prosultiamine、アリナミン）は、プロピルジスルフィドチアミンとして知られており、ビタミンB1欠乏症の治療薬として1950年代に日本で開発されたジスルフィドチアミンである。
2312494,ポリフェノール化合物を染色するために薄層クロマトグラフィーの試薬として使われる。
2312494,通常1 %のエタノール溶液として用いられ、このような試薬はゾンネンシャイン試薬と呼ばれる。
2312494,リンモリブデン酸はアルカロイドと反応して沈殿を生じるため、アルカロイドを検出するための試薬として用いられる。
2276550,香料用途以外では、合成樹脂の溶剤としても使用される。
2276550,"主に食品香料としてバナナ・パイナップルなどの果物系、バター・ラム酒のフレーバーに、チューインガムで1,100ppm、その他用途で7.7 - 100ppmほど使用される。"
2276550,バナナやパイナップルのような果実香を持ち、食品香料などに用いられる。
226952,シンバスタチン（Simvastatin）は、HMG-CoA還元酵素阻害剤で、高コレステロール血症治療薬のひとつ。
2310950,バナジン酸試薬としてメタバナジン酸カリウムKVO3と同様に研究室でよく使われる。
2306663,日本薬局方からは2003年の第十四改正第一追補によって削除され、現在は、オキシドールの添加物として用いられる他、試薬としての使用にとどまる。
2334030,また、ほ乳類細胞の脂質ラフト/カベオラエンドサイトーシス経路の阻害剤として細胞生物学で使用されている（3 µg/mL程度の濃度）。
2334030,細胞膜中のコレステロールを検出するこの方法は、C型ニーマン・ピック病の診断および研究において臨床で用いられている。
2334030,フィリピンはフィリピンは強い蛍光を示しコレステロールに特異的に結合することから、コレステロールの組織化学的染色に広く使用されている。
223549,"工業的に作られるイソプレンの95%はシス-1,4-ポリイソプレン（人工天然ゴム）の合成に使われる。"
2327992,そのほか、医薬品に利用されることもある[要出典]。
1977270,有機化学の試薬やフッ素化剤のほか、染色における媒染や機能性セラミックスの製造に用いられる。
2017242,高価でなく代謝的に安定な、インドール-3-酪酸 (IBA) や1-ナフタレン酢酸 (NAA) などの合成オーキシン類縁体が、園芸分野で使用されている。
193646,その他にもカフェイン拮抗作用、血圧降下作用、記憶学習能力の向上、制癌剤の増強効果、脳血管障害に対する効果などが報告されている。
193646,月経前症候群（PMS）に関しては、PMS時のイライラ、憂鬱、集中力の低下等の精神的症状を改善することが報告されている。
193646,中途覚醒の減少が認められたほか、被験者へのアンケートにより起床時の爽快感、熟眠感、疲労回復感の改善が認められている。
193646,睡眠に関しては、テアニン摂取により睡眠の質の改善が報告されている。
193646,統合失調症の治療において、投薬中の抗精神病薬にテアニンを併用することで、いくつか症状が減少することが、プラセボ対照試験で示されている。
193646,50mg摂取では不安傾向の低い人に、200mg摂取では不安傾向の高い人においてもリラックス効果が認められている。
193646,1950年に京都府立農業試験場茶業研究所（現在の京都府農林水産技術センター農林センター茶業研究所（宇治茶部））の所長酒戸弥二郎により玉露から発見されたのち分離精製されて構造が明らかになり、日本では1964年7月に食品添加物として指定された。
193646,免疫系への効果について、テアニンはガンマ・デルタT細胞の防衛機能を増強することで、感染に対する生体の免疫反応を助けるかもしれない。
193646,また、テアニンは緑茶の呈味改善剤として使用されているが、緑茶以外の様々な食品の苦味やえぐ味も抑えるので、風味の改善に用いられている。
193646,日本国外のサプリメントとしてのL−テアニン原料として、日本の太陽化学の製造しているサンテアニンがよく用いられる。
2520663,酸化セリウムは自動車の排気ガスを分解する三元触媒のセンサーに用いられる。
2520663,酸化セリウム(IV)は赤外線フィルター、三元触媒の酸化剤、または、ガスマントルに用いられる。
2520663,可逆的に組成を変化させることができることから、酸化反応の触媒として用いられる。
248084,肥料名が『○○化成 S○○○』となっていた場合、肥料名のSは硫酸カリウム使用であることを示す。
248084,カリウムと硫黄を提供することから、化学肥料として広く使われている。
248084,肥料として日本で使用されている硫酸カリウムはカリウム保証成分 50 % の物がほとんどである。
248084,硫酸イオンは、それ自体が肥料成分として作物に吸収利用される。
248084,特に葉たばこ用の肥料としては塩化物イオンは嫌われるので（塩化物イオンがたばこの葉に多いと火のつきが悪くなる）たばこ用の肥料は硫酸カリウムが用いられる。
248084,しかし、畑作物に使用した場合、肥料としての効果が塩化カリウムより優れているため、篤農家での使用が多い。
248084,他にもサルポマグ（硫酸カリ苦土）、水酸化カリウム、硝酸カリウムなどが使用されるが、価格的に高い為、普通の化学肥料では使用量が少ない。
2038633,ヘミンは、ポルフィリン症、特に急性間欠性ポルフィリン症の発作の軽減に使用されている。
205750,欧米では化学的酸素要求量 (COD) を計測する際の試薬としても用いられる。
205750,他にはクロムめっきや酸化剤として火薬に含まれる等、様々な利用方法がある。
247807,シフルトリンは（ベータ）シフルトリンとイミダクロプリドを組み合わせ、殺虫スプレーで使用されている。
247647,アレスリン（allethrin、アレトリン）類は、殺虫剤として使用される一対の合成化合物である。
247647,アレスリン類はヒトおよび鳥類に対して低い毒性を示し、RAIDや蚊取線香といった多くの室内用殺虫剤に使用されている。
2051615,また血液凝固性があるので止血剤にも用いられる。
1938165,また、アルコールに溶かした溶液は液体絆創膏として用いられる[要出典]。
1977171,半導体の製造などに使われる。
2488348,1級アミノ基のプレ・ポストラベル化試薬（高感度蛍光試薬）として、フルオレサミン（英語版）と共に広く使用される。
2488348,OPAは、医療器具の消毒にも用いられる。
2493020,実験器具の強力な洗浄液として、不溶性の有機化合物などの分解除去に用いられることがあるが、必ず冷却した濃硫酸に、過マンガン酸塩を極少量ずつ混合して調製する事が求められる。
2013485,除草剤やチオ尿素、マッチ、合成樹脂の製造原料のほか防錆や繊維の染色にも用いられる。
2122889,顕微鏡検査の際に細胞質、膠原線維、筋線維の染色に用いられる。
2129950,生体内ではパントテン酸とアデノシン三リン酸との結合による補酵素Aの合成に用いられる。
2129950,被爆の治療にも用いられる。
2129950,商標名はCystagon®であり、シスチン排出疾患の治療に用いられる。
2077209,2016年現在、解熱薬や抗炎症薬、抗マラリア薬として使用されることはない。
2091962,臭素化試薬として使用される。
2065863,中華麺用かん水の原料、食肉製品・魚肉練り製品用結着剤、プロセスチーズ用乳化剤、醸造用添加物などの食品添加物として幅広く使用される。
2065863,一カリウム、二カリウム同様食品添加物として使われるが、水溶液はpH11.5~12.5と、アルカリ性を示す。
2564762,フェニルシラトラン(phenylsilatrane)は、殺鼠剤に使われる痙攣誘発薬である。
1210379,躁病・神経症における不安・緊張の除去、麻酔前投薬、催眠鎮静、鎮痛剤の効力増強などに用いられる。
3081734,アルミニウムグリシネート (Aluminium glycinate、化学式：C2H6AlNO4 )または、アミノ酢酸ジヒドロキシアルミニウム (ジヒドロキシアルミニウムアミノアセタール、dihydroxyaluminum aminoacetate)は、制酸薬として使用されている。
